"date","daynum","month","day","cumulative_confirmed_cases","new_confirmed_cases","cumulative_deaths","new_deaths","hospitalized_currently","hospitalized_cumulative","InICU_currently","InICU_cumulative","OnVentilator_Currently","OnVentilator_Cumulative","Recovered_Cumulative","new_hospital_deaths","Cumulative_hospital_discharges","new_hospital_discharges"
2020-02-27,58,2,27,0,NA,0,NA,1,1,0,NA,0,NA,NA,NA,0,NA
2020-02-28,59,2,28,0,NA,0,NA,1,1,0,NA,0,NA,NA,NA,0,NA
2020-02-29,60,2,29,0,NA,0,NA,1,1,0,NA,0,NA,NA,NA,0,NA
2020-03-01,61,3,1,1,NA,0,NA,1,1,0,NA,0,NA,NA,NA,0,NA
2020-03-02,62,3,2,1,NA,0,NA,2,2,0,NA,0,NA,NA,NA,0,NA
2020-03-03,63,3,3,1,NA,0,NA,2,2,0,NA,0,NA,NA,NA,0,NA
2020-03-04,64,3,4,2,NA,0,NA,3,3,0,NA,0,NA,NA,NA,0,NA
2020-03-05,65,3,5,2,NA,0,NA,3,3,0,NA,0,NA,NA,NA,0,NA
2020-03-06,66,3,6,2,NA,0,NA,3,3,0,NA,0,NA,NA,NA,0,NA
2020-03-07,67,3,7,2,NA,0,NA,3,3,0,NA,0,NA,NA,NA,0,NA
2020-03-08,68,3,8,3,NA,0,NA,3,3,0,NA,0,NA,NA,NA,0,NA
2020-03-09,69,3,9,4,NA,0,NA,3,3,0,NA,0,NA,NA,NA,0,NA
2020-03-10,70,3,10,5,NA,0,NA,3,3,0,NA,0,NA,NA,NA,0,NA
2020-03-11,71,3,11,13,NA,0,NA,4,4,0,NA,0,NA,NA,NA,0,NA
2020-03-12,72,3,12,19,NA,0,NA,5,5,0,NA,0,NA,NA,NA,0,NA
2020-03-13,73,3,13,19,NA,0,NA,8,9,0,NA,0,NA,NA,NA,1,NA
2020-03-14,74,3,14,19,NA,0,NA,8,9,0,NA,0,NA,NA,NA,1,NA
2020-03-15,75,3,15,20,NA,0,NA,9,10,0,NA,0,NA,NA,NA,1,NA
2020-03-16,76,3,16,23,NA,0,NA,11,12,0,NA,0,NA,NA,NA,1,NA
2020-03-17,77,3,17,38,NA,0,NA,17,18,0,NA,0,NA,NA,NA,1,NA
2020-03-18,78,3,18,48,NA,0,NA,20,21,0,NA,0,NA,NA,NA,1,NA
2020-03-19,79,3,19,64,NA,1,NA,21,23,0,NA,0,NA,NA,NA,2,NA
2020-03-20,80,3,20,79,NA,1,NA,26,28,0,NA,0,NA,NA,NA,2,NA
2020-03-21,81,3,21,92,NA,1,NA,27,31,5,NA,0,NA,NA,NA,4,NA
2020-03-22,82,3,22,117,NA,1,NA,29,33,5,NA,0,NA,NA,NA,4,NA
2020-03-23,83,3,23,133,NA,1,NA,44,49,9,NA,0,NA,NA,NA,5,NA
2020-03-24,84,3,24,152,NA,1,NA,52,57,10,NA,5,NA,NA,NA,5,NA
2020-03-25,85,3,25,184,NA,1,NA,55,61,11,NA,0,NA,NA,NA,6,NA
2020-03-26,86,3,26,224,NA,1,NA,59,70,14,NA,5,NA,NA,NA,11,NA
2020-03-27,87,3,27,259,NA,3,NA,66,79,17,NA,6,NA,NA,NA,12,NA
2020-03-28,88,3,28,326,NA,4,NA,72,89,15,NA,6,NA,NA,NA,15,NA
2020-03-29,89,3,29,430,NA,6,NA,76,97,18,NA,8,NA,NA,NA,18,NA
2020-03-30,90,3,30,510,NA,9,NA,91,116,19,NA,11,NA,NA,NA,22,NA
2020-03-31,91,3,31,580,NA,11,NA,94,127,21,NA,13,NA,NA,NA,29,NA
2020-04-01,92,4,1,681,NA,12,NA,105,145,29,NA,15,NA,NA,NA,36,NA
2020-04-02,93,4,2,758,NA,16,NA,119,167,35,NA,21,NA,NA,NA,42,NA
2020-04-03,94,4,3,867,NA,19,NA,135,190,42,NA,25,NA,NA,NA,49,NA
2020-04-04,95,4,4,1003,NA,28,NA,148,212,40,NA,29,NA,NA,NA,53,NA
2020-04-05,96,4,5,1174,NA,30,NA,157,231,43,NA,35,NA,NA,NA,62,NA
2020-04-06,97,4,6,1379,NA,37,NA,176,257,47,NA,39,NA,NA,NA,69,NA
2020-04-07,98,4,7,1642,NA,42,NA,190,276,49,NA,41,NA,NA,NA,72,NA
2020-04-08,99,4,8,1905,NA,52,NA,194,294,49,NA,37,NA,NA,NA,81,NA
2020-04-09,100,4,9,2203,NA,59,NA,214,326,53,NA,40,NA,NA,NA,89,NA
2020-04-10,101,4,10,2612,NA,70,NA,221,355,59,NA,41,NA,NA,NA,106,NA
2020-04-11,102,4,11,2915,NA,82,NA,238,384,61,NA,48,NA,NA,NA,116,NA
2020-04-12,103,4,12,3163,NA,91,NA,256,419,59,NA,49,NA,NA,NA,128,NA
2020-04-13,104,4,13,3424,NA,100,NA,274,453,64,NA,54,NA,NA,NA,141,NA
2020-04-14,105,4,14,3611,NA,108,NA,278,480,72,NA,53,NA,NA,NA,159,NA
2020-04-15,106,4,15,3956,NA,125,NA,287,511,72,NA,54,NA,NA,NA,178,NA
2020-04-16,107,4,16,4313,NA,139,NA,292,545,72,NA,53,NA,NA,NA,201,NA
2020-04-17,108,4,17,4633,NA,160,NA,296,576,66,NA,45,NA,NA,NA,221,NA
2020-04-18,109,4,18,4946,NA,175,NA,300,602,63,NA,49,NA,NA,NA,239,NA
2020-04-19,110,4,19,5232,NA,186,NA,296,625,65,NA,55,NA,NA,NA,265,NA
2020-04-20,111,4,20,5595,NA,196,NA,311,670,75,NA,56,NA,NA,NA,293,NA
2020-04-21,112,4,21,5974,NA,214,NA,319,714,72,NA,56,NA,NA,NA,324,NA
2020-04-22,113,4,22,6384,NA,232,NA,323,754,73,NA,58,NA,NA,NA,355,NA
2020-04-23,114,4,23,6813,NA,247,NA,321,784,76,NA,62,NA,NA,NA,382,NA
2020-04-24,115,4,24,7209,NA,262,NA,325,819,85,NA,63,NA,NA,NA,409,NA
2020-04-25,116,4,25,7506,NA,276,NA,337,853,85,NA,62,NA,NA,NA,426,NA
2020-04-26,117,4,26,7789,NA,290,NA,352,886,86,NA,59,NA,NA,NA,441,NA
2020-04-27,118,4,27,8010,NA,300,NA,356,914,86,NA,61,NA,NA,NA,461,NA
2020-04-28,119,4,28,8351,NA,322,NA,373,957,88,NA,59,NA,NA,NA,484,NA
2020-04-29,120,4,29,8706,NA,340,NA,359,992,78,NA,53,NA,NA,NA,522,NA
2020-04-30,121,4,30,9057,NA,364,NA,350,1022,83,NA,58,NA,NA,NA,555,NA
2020-05-01,122,5,1,9349,NA,378,NA,360,1070,84,NA,59,NA,NA,NA,590,NA
2020-05-02,123,5,2,9551,NA,402,NA,352,1104,94,NA,64,NA,NA,NA,628,NA
2020-05-03,124,5,3,9716,NA,423,NA,350,1134,91,NA,62,NA,NA,NA,652,NA
2020-05-04,125,5,4,9978,NA,441,NA,343,1163,89,NA,59,NA,NA,NA,682,NA
2020-05-05,126,5,5,10278,NA,457,NA,334,1187,83,NA,56,NA,NA,NA,709,NA
2020-05-06,127,5,6,10593,NA,478,NA,309,1213,81,NA,56,NA,NA,NA,751,NA
2020-05-07,128,5,7,10860,NA,499,NA,297,1246,73,NA,54,NA,NA,NA,790,NA
2020-05-08,129,5,8,11081,NA,521,NA,293,1275,73,NA,55,NA,NA,NA,816,NA
2020-05-09,130,5,9,11368,NA,536,NA,290,1294,71,NA,53,NA,NA,NA,834,NA
2020-05-10,131,5,10,11560,NA,550,NA,281,1312,72,NA,51,NA,NA,NA,855,NA
2020-05-11,132,5,11,11729,NA,565,NA,291,1343,73,NA,51,NA,NA,NA,870,NA
2020-05-12,133,5,12,11953,NA,587,NA,292,1366,71,NA,50,NA,NA,NA,888,NA
2020-05-13,134,5,13,12145,NA,600,NA,289,1389,71,NA,51,NA,NA,NA,913,NA
2020-05-14,135,5,14,12373,NA,616,NA,279,1408,67,NA,48,NA,NA,NA,939,NA
2020-05-15,136,5,15,12609,NA,630,NA,258,1432,63,NA,48,NA,NA,NA,979,NA
2020-05-16,137,5,16,12856,NA,645,NA,263,1457,62,NA,48,NA,NA,NA,994,NA
2020-05-17,138,5,17,12978,NA,655,NA,265,1474,60,NA,47,NA,NA,NA,1004,NA
2020-05-18,139,5,18,13114,NA,673,NA,263,1492,58,NA,42,NA,NA,NA,1019,NA
2020-05-19,140,5,19,13325,NA,684,NA,248,1515,57,NA,40,NA,NA,NA,1052,NA
2020-05-20,141,5,20,13505,NA,706,NA,237,1534,53,NA,35,NA,NA,NA,1075,NA
2020-05-21,142,5,21,13669,NA,726,NA,244,1559,54,NA,31,NA,NA,NA,1090,NA
2020-05-22,143,5,22,13869,NA,737,NA,231,1579,53,NA,31,NA,NA,NA,1118,NA
2020-05-23,144,5,23,13975,NA,750,NA,236,1598,53,NA,34,NA,NA,NA,1129,NA
2020-05-24,145,5,24,14059,NA,758,NA,233,1611,54,NA,36,NA,NA,NA,1143,NA
2020-05-25,146,5,25,14131,NA,768,NA,233,1625,54,NA,34,NA,NA,NA,1157,NA
2020-05-26,147,5,26,14283,NA,783,NA,231,1649,49,NA,33,NA,NA,NA,1178,NA
2020-05-27,148,5,27,14412,NA,793,NA,230,1669,51,NA,33,NA,NA,NA,1196,NA
2020-05-28,149,5,28,14537,NA,801,NA,215,1685,47,NA,32,NA,NA,NA,1223,NA
2020-05-29,150,5,29,14708,NA,813,NA,201,1704,43,NA,31,NA,NA,NA,1249,NA
2020-05-30,151,5,30,14816,NA,825,NA,194,1720,41,NA,29,NA,NA,NA,1268,NA
2020-05-31,152,5,31,14891,NA,828,NA,192,1731,44,NA,26,NA,NA,NA,1280,NA
2020-06-01,153,6,1,14985,NA,833,NA,185,1739,45,NA,29,NA,NA,NA,1294,NA
2020-06-02,154,6,2,15083,NA,843,NA,181,1747,38,NA,25,NA,NA,NA,1303,NA
2020-06-03,155,6,3,15182,NA,854,NA,171,1760,34,NA,25,NA,NA,NA,1320,NA
2020-06-04,156,6,4,15287,NA,866,NA,148,1767,31,NA,24,NA,NA,NA,1346,NA
2020-06-05,157,6,5,15385,NA,877,NA,144,1782,27,NA,21,NA,NA,NA,1359,NA
2020-06-06,158,6,6,15450,NA,883,NA,145,1791,29,NA,19,NA,NA,NA,1365,NA
2020-06-07,159,6,7,15498,NA,887,NA,148,1802,25,NA,17,NA,NA,NA,1372,NA
2020-06-08,160,6,8,15542,NA,891,NA,148,1817,27,NA,18,NA,NA,NA,1385,NA
2020-06-09,161,6,9,15608,NA,892,NA,139,1827,28,NA,21,NA,NA,NA,1404,NA
2020-06-10,162,6,10,15707,NA,896,NA,138,1839,24,NA,17,NA,NA,NA,1415,NA
2020-06-11,163,6,11,15794,NA,902,NA,129,1844,25,NA,16,NA,NA,NA,1428,NA
2020-06-12,164,6,12,15873,NA,904,NA,121,1852,24,NA,16,NA,NA,NA,1443,NA
2020-06-13,165,6,13,15921,NA,907,NA,122,1858,20,NA,15,NA,NA,NA,1448,NA
2020-06-14,166,6,14,15953,NA,910,NA,120,1864,20,NA,14,NA,NA,NA,1455,NA
2020-06-15,167,6,15,16027,NA,915,NA,115,1876,20,NA,16,NA,NA,NA,1472,NA
2020-06-16,168,6,16,16079,NA,923,NA,116,1887,22,NA,16,NA,NA,NA,1481,NA
2020-06-17,169,6,17,16130,NA,929,NA,107,1900,18,NA,14,NA,NA,NA,1499,NA
2020-06-18,170,6,18,16199,NA,936,NA,100,1908,19,NA,16,NA,NA,NA,1513,NA
2020-06-19,171,6,19,16257,NA,939,NA,99,1920,21,NA,18,NA,NA,NA,1525,NA
2020-06-20,172,6,20,16292,NA,943,NA,97,1926,21,NA,19,NA,NA,NA,1533,NA
2020-06-21,173,6,21,16322,NA,945,NA,100,1934,21,NA,19,NA,NA,NA,1538,NA
2020-06-22,174,6,22,16380,NA,947,NA,93,1941,20,NA,19,NA,NA,NA,1552,NA
2020-06-23,175,6,23,16458,NA,954,NA,82,1944,19,NA,19,NA,NA,NA,1563,NA
2020-06-24,176,6,24,16504,NA,959,NA,79,1949,19,NA,19,NA,NA,NA,1570,NA
2020-06-25,177,6,25,16551,NA,960,NA,71,1954,18,NA,18,NA,NA,NA,1582,NA
2020-06-26,178,6,26,16613,NA,961,NA,63,1956,19,NA,19,NA,NA,NA,1592,NA
2020-06-27,179,6,27,16650,NA,966,NA,64,1961,18,NA,18,NA,NA,NA,1595,NA
2020-06-28,180,6,28,16666,NA,972,NA,60,1965,16,NA,15,NA,NA,NA,1599,NA
2020-06-29,181,6,29,16708,NA,973,NA,58,1968,15,NA,15,NA,NA,NA,1604,NA
2020-06-30,182,6,30,16746,NA,978,NA,54,1969,13,NA,12,NA,NA,NA,1608,NA
2020-07-01,183,7,1,16818,NA,979,NA,51,1975,12,NA,12,NA,NA,NA,1617,NA
2020-07-02,184,7,2,16878,NA,982,NA,51,1980,11,NA,11,NA,NA,NA,1621,NA
2020-07-03,185,7,3,16905,NA,985,NA,54,1989,10,NA,10,NA,NA,NA,1627,NA
2020-07-04,186,7,4,16939,NA,987,NA,51,1991,11,NA,10,NA,NA,NA,1631,NA
2020-07-05,187,7,5,16964,NA,989,NA,49,1992,9,NA,9,NA,NA,NA,1633,NA
2020-07-06,188,7,6,17012,NA,993,NA,49,1997,10,NA,10,NA,NA,NA,1638,NA
2020-07-07,189,7,7,17062,NA,995,NA,48,2002,9,NA,9,NA,NA,NA,1644,NA
2020-07-08,190,7,8,17128,NA,995,NA,51,2006,10,NA,9,NA,NA,NA,1645,NA
2020-07-09,191,7,9,17176,NA,995,NA,57,2015,10,NA,9,NA,NA,NA,1648,NA
2020-07-10,192,7,10,17241,NA,998,NA,58,2020,8,NA,7,NA,NA,NA,1650,NA
2020-07-11,193,7,11,17276,NA,1001,NA,59,2026,7,NA,6,NA,NA,NA,1654,NA
2020-07-12,194,7,12,17316,NA,1004,NA,56,2027,7,NA,5,NA,NA,NA,1657,NA
2020-07-13,195,7,13,17383,NA,1005,NA,54,2034,7,NA,5,NA,NA,NA,1666,NA
2020-07-14,196,7,14,17433,NA,1006,NA,57,2040,5,NA,5,NA,NA,NA,1669,NA
2020-07-15,197,7,15,17528,NA,1006,NA,55,2045,5,NA,0,NA,NA,NA,1676,NA
2020-07-16,198,7,16,17614,NA,1007,NA,52,2051,6,NA,5,NA,NA,NA,1685,NA
2020-07-17,199,7,17,17712,NA,1009,NA,61,2064,5,NA,5,NA,NA,NA,1688,NA
2020-07-18,200,7,18,17788,NA,1013,NA,57,2069,5,NA,0,NA,NA,NA,1696,NA
2020-07-19,201,7,19,17848,NA,1015,NA,61,2076,6,NA,0,NA,NA,NA,1699,NA
2020-07-20,202,7,20,17912,NA,1017,NA,63,2085,7,NA,5,NA,NA,NA,1706,NA
2020-07-21,203,7,21,18003,NA,1018,NA,61,2093,9,NA,6,NA,NA,NA,1716,NA
2020-07-22,204,7,22,18090,NA,1019,NA,59,2100,7,NA,6,NA,NA,NA,1724,NA
2020-07-23,205,7,23,18199,NA,1019,NA,61,2107,8,NA,7,NA,NA,NA,1729,NA
2020-07-24,206,7,24,18318,NA,1019,NA,63,2120,9,NA,7,NA,NA,NA,1740,NA
2020-07-25,207,7,25,18423,NA,1022,NA,64,2127,10,NA,8,NA,NA,NA,1746,NA
2020-07-26,208,7,26,18477,NA,1023,NA,63,2134,11,NA,7,NA,NA,NA,1754,NA
2020-07-27,209,7,27,18610,NA,1024,NA,68,2146,13,NA,8,NA,NA,NA,1761,NA
2020-07-28,210,7,28,18704,NA,1025,NA,67,2150,14,NA,7,NA,NA,NA,1766,NA
2020-07-29,211,7,29,18856,NA,1025,NA,67,2157,15,NA,7,NA,NA,NA,1773,NA
2020-07-30,212,7,30,18950,NA,1026,NA,69,2162,15,NA,6,NA,NA,NA,1775,NA
2020-07-31,213,7,31,19036,NA,1027,NA,68,2169,15,NA,7,NA,NA,NA,1783,NA
2020-08-01,214,8,1,19119,NA,1028,NA,73,2176,14,NA,7,NA,NA,NA,1785,NA
2020-08-02,215,8,2,19172,NA,1030,NA,70,2185,14,NA,7,NA,NA,NA,1795,NA
2020-08-03,216,8,3,19313,NA,1031,NA,72,2194,16,NA,7,NA,NA,NA,1802,NA
2020-08-04,217,8,4,19414,NA,1033,NA,74,2202,12,NA,5,NA,NA,NA,1807,NA
2020-08-05,218,8,5,19530,NA,1035,NA,75,2211,10,NA,5,NA,NA,NA,1814,NA
2020-08-06,219,8,6,19642,NA,1035,NA,72,2217,9,NA,0,NA,NA,NA,1823,NA
2020-08-07,220,8,7,19734,NA,1037,NA,75,2229,9,NA,0,NA,NA,NA,1831,NA
2020-08-08,221,8,8,19823,NA,1038,NA,85,2245,8,NA,0,NA,NA,NA,1836,NA
2020-08-09,222,8,9,19857,NA,1038,NA,84,2250,9,NA,0,NA,NA,NA,1842,NA
2020-08-10,223,8,10,19969,NA,1039,NA,83,2257,9,NA,0,NA,NA,NA,1850,NA
2020-08-11,224,8,11,20062,NA,1042,NA,76,2261,10,NA,0,NA,NA,NA,1861,NA
2020-08-12,225,8,12,20163,NA,1043,NA,73,2267,9,NA,0,NA,NA,NA,1870,NA
2020-08-13,226,8,13,20251,NA,1043,NA,74,2276,11,NA,0,NA,NA,NA,1878,NA
2020-08-14,227,8,14,20342,NA,1046,NA,76,2286,11,NA,0,NA,NA,NA,1886,NA
2020-08-15,228,8,15,20440,NA,1046,NA,73,2294,11,NA,5,NA,NA,NA,1896,NA
2020-08-16,229,8,16,20507,NA,1053,NA,70,2299,8,NA,0,NA,NA,NA,1900,NA
2020-08-17,230,8,17,20589,NA,1055,NA,72,2307,8,NA,5,NA,NA,NA,1906,NA
2020-08-18,231,8,18,20674,NA,1060,NA,74,2317,8,NA,0,NA,NA,NA,1913,NA
2020-08-19,232,8,19,20761,NA,1060,NA,72,2325,9,NA,5,NA,NA,NA,1922,NA
2020-08-20,233,8,20,20918,NA,1063,NA,76,2337,10,NA,5,NA,NA,NA,1928,NA
2020-08-21,234,8,21,21061,NA,1065,NA,76,2343,9,NA,0,NA,NA,NA,1933,NA
2020-08-22,235,8,22,21156,NA,1066,NA,77,2354,11,NA,0,NA,NA,NA,1943,NA
2020-08-23,236,8,23,21210,NA,1067,NA,82,2364,12,NA,0,NA,NA,NA,1948,NA
2020-08-24,237,8,24,21292,NA,1068,NA,79,2371,14,NA,0,NA,NA,NA,1957,NA
2020-08-25,238,8,25,21384,NA,1069,NA,84,2381,12,NA,0,NA,NA,NA,1961,NA
2020-08-26,239,8,26,21511,NA,1070,NA,80,2385,10,NA,5,NA,NA,NA,1969,NA
2020-08-27,240,8,27,21586,NA,1072,NA,71,2391,7,NA,5,NA,NA,NA,1983,NA
2020-08-28,241,8,28,21655,NA,1074,NA,81,2405,10,NA,7,NA,NA,NA,1987,NA
2020-08-29,242,8,29,21714,NA,1076,NA,78,2411,11,NA,6,NA,NA,NA,1995,NA
2020-08-30,243,8,30,21758,NA,1078,NA,81,2418,9,NA,5,NA,NA,NA,1999,NA
2020-08-31,244,8,31,21844,NA,1079,NA,77,2430,8,NA,0,NA,NA,NA,2015,NA
2020-09-01,245,9,1,21913,NA,1081,NA,73,2436,7,NA,0,NA,NA,NA,2024,NA
2020-09-02,246,9,2,22009,NA,1083,NA,71,2445,8,NA,0,NA,NA,NA,2034,NA
2020-09-03,247,9,3,22092,NA,1086,NA,71,2453,9,NA,0,NA,NA,NA,2042,NA
2020-09-04,248,9,4,22171,NA,1087,NA,78,2464,9,NA,0,NA,NA,NA,2046,NA
2020-09-05,249,9,5,22208,NA,1088,NA,74,2469,8,NA,0,NA,NA,NA,2055,NA
2020-09-06,250,9,6,22268,NA,1089,NA,70,2473,6,NA,0,NA,NA,NA,2062,NA
2020-09-07,251,9,7,22295,NA,1090,NA,77,2483,5,NA,0,NA,NA,NA,2065,NA
2020-09-08,252,9,8,22367,NA,1092,NA,71,2489,6,NA,0,NA,NA,NA,2076,NA
2020-09-09,253,9,9,22472,NA,1093,NA,75,2498,9,NA,0,NA,NA,NA,2080,NA
2020-09-10,254,9,10,22584,NA,1094,NA,75,2506,10,NA,0,NA,NA,NA,2088,NA
2020-09-11,255,9,11,22686,NA,1094,NA,76,2516,10,NA,5,NA,NA,NA,2097,NA
2020-09-12,256,9,12,22784,NA,1097,NA,76,2523,9,NA,5,NA,NA,NA,2102,NA
2020-09-13,257,9,13,22840,NA,1097,NA,78,2527,10,NA,5,NA,NA,NA,2104,NA
2020-09-14,258,9,14,22932,NA,1099,NA,80,2534,10,NA,5,NA,NA,NA,2107,NA
2020-09-15,259,9,15,23056,NA,1101,NA,84,2541,10,NA,5,NA,NA,NA,2109,NA
2020-09-16,260,9,16,23176,NA,1106,NA,80,2545,9,NA,6,NA,NA,NA,2115,NA
2020-09-17,261,9,17,23322,NA,1106,NA,74,2552,8,NA,0,NA,NA,NA,2128,NA
2020-09-18,262,9,18,23460,NA,1108,NA,73,2559,11,NA,6,NA,NA,NA,2135,NA
2020-09-19,263,9,19,23573,NA,1112,NA,77,2566,10,NA,6,NA,NA,NA,2138,NA
2020-09-20,264,9,20,23616,NA,1116,NA,76,2573,9,NA,8,NA,NA,NA,2144,NA
2020-09-21,265,9,21,23714,NA,1118,NA,83,2585,8,NA,6,NA,NA,NA,2147,NA
2020-09-22,266,9,22,23840,NA,1119,NA,91,2597,7,NA,5,NA,NA,NA,2150,NA
2020-09-23,267,9,23,23959,NA,1119,NA,95,2608,6,NA,5,NA,NA,NA,2157,NA
2020-09-24,268,9,24,24084,NA,1120,NA,93,2614,7,NA,5,NA,NA,NA,2164,NA
2020-09-25,269,9,25,24226,NA,1121,NA,91,2621,6,NA,5,NA,NA,NA,2173,NA
2020-09-26,270,9,26,24355,NA,1122,NA,96,2633,6,NA,5,NA,NA,NA,2179,NA
2020-09-27,271,9,27,24391,NA,1122,NA,97,2639,9,NA,5,NA,NA,NA,2184,NA
2020-09-28,272,9,28,24532,NA,1124,NA,95,2645,7,NA,5,NA,NA,NA,2190,NA
2020-09-29,273,9,29,24716,NA,1125,NA,88,2657,6,NA,6,NA,NA,NA,2208,NA
2020-09-30,274,9,30,24902,NA,1126,NA,89,2663,6,NA,6,NA,NA,NA,2213,NA
2020-10-01,275,10,1,25067,NA,1128,NA,92,2680,6,NA,0,NA,NA,NA,2226,NA
2020-10-02,276,10,2,25251,NA,1130,NA,91,2692,8,NA,5,NA,NA,NA,2238,NA
2020-10-03,277,10,3,25391,NA,1132,NA,90,2698,9,NA,0,NA,NA,NA,2243,NA
2020-10-04,278,10,4,25469,NA,1134,NA,91,2708,8,NA,5,NA,NA,NA,2251,NA
2020-10-05,279,10,5,25638,NA,1138,NA,110,2737,9,NA,6,NA,NA,NA,2259,NA
2020-10-06,280,10,6,25818,NA,1138,NA,117,2748,11,NA,7,NA,NA,NA,2263,NA
2020-10-07,281,10,7,26064,NA,1140,NA,114,2760,9,NA,7,NA,NA,NA,2276,NA
2020-10-08,282,10,8,26333,NA,1144,NA,115,2775,7,NA,5,NA,NA,NA,2288,NA
2020-10-09,283,10,9,26530,NA,1147,NA,125,2796,10,NA,7,NA,NA,NA,2299,NA
2020-10-10,284,10,10,26713,NA,1149,NA,133,2814,13,NA,7,NA,NA,NA,2308,NA
2020-10-11,285,10,11,26804,NA,1155,NA,135,2824,14,NA,5,NA,NA,NA,2315,NA
2020-10-12,286,10,12,26975,NA,1160,NA,136,2840,14,NA,5,NA,NA,NA,2328,NA
2020-10-13,287,10,13,27197,NA,1167,NA,136,2856,13,NA,5,NA,NA,NA,2340,NA
2020-10-14,288,10,14,27493,NA,1169,NA,146,2873,15,NA,5,NA,NA,NA,2347,NA
2020-10-15,289,10,15,27737,NA,1171,NA,140,2883,13,NA,5,NA,NA,NA,2362,NA
2020-10-16,290,10,16,28028,NA,1173,NA,135,2895,13,NA,0,NA,NA,NA,2378,NA
2020-10-17,291,10,17,28326,NA,1175,NA,142,2914,17,NA,0,NA,NA,NA,2389,NA
2020-10-18,292,10,18,28452,NA,1177,NA,149,2932,17,NA,6,NA,NA,NA,2400,NA
2020-10-19,293,10,19,28763,NA,1178,NA,145,2951,15,NA,6,NA,NA,NA,2421,NA
2020-10-20,294,10,20,29141,NA,1182,NA,152,2973,14,NA,8,NA,NA,NA,2436,NA
2020-10-21,295,10,21,29614,NA,1185,NA,165,2996,15,NA,9,NA,NA,NA,2444,NA
2020-10-22,296,10,22,30135,NA,1188,NA,165,3017,14,NA,9,NA,NA,NA,2462,NA
2020-10-23,297,10,23,30589,NA,1191,NA,165,3038,15,NA,9,NA,NA,NA,2482,NA
2020-10-24,298,10,24,30923,NA,1192,NA,171,3055,14,NA,8,NA,NA,NA,2493,NA
2020-10-25,299,10,25,31114,NA,1194,NA,171,3071,15,NA,8,NA,NA,NA,2508,NA
2020-10-26,300,10,26,31496,NA,1197,NA,181,3096,18,NA,8,NA,NA,NA,2521,NA
2020-10-27,301,10,27,31969,NA,1202,NA,193,3123,18,NA,9,NA,NA,NA,2534,NA
2020-10-28,302,10,28,32391,NA,1205,NA,192,3146,17,NA,9,NA,NA,NA,2557,NA
2020-10-29,303,10,29,32896,NA,1209,NA,187,3166,19,NA,11,NA,NA,NA,2579,NA
2020-10-30,304,10,30,33376,NA,1214,NA,183,3188,19,NA,9,NA,NA,NA,2600,NA
2020-10-31,305,10,31,33853,NA,1217,NA,200,3219,24,NA,11,NA,NA,NA,2613,NA
2020-11-01,306,11,1,34140,NA,1221,NA,207,3240,28,NA,14,NA,NA,NA,2626,NA
2020-11-02,307,11,2,34568,NA,1227,NA,214,3277,26,NA,14,NA,NA,NA,2653,NA
2020-11-03,308,11,3,35123,NA,1228,NA,222,3308,26,NA,14,NA,NA,NA,2675,NA
2020-11-04,309,11,4,35756,NA,1232,NA,226,3339,27,NA,13,NA,NA,NA,2700,NA
2020-11-05,310,11,5,36438,NA,1236,NA,236,3381,26,NA,15,NA,NA,NA,2731,NA
2020-11-06,311,11,6,37141,NA,1241,NA,247,3421,30,NA,18,NA,NA,NA,2759,NA
2020-11-07,312,11,7,37725,NA,1242,NA,256,3454,33,NA,19,NA,NA,NA,2782,NA
2020-11-08,313,11,8,38018,NA,1249,NA,262,3487,32,NA,20,NA,NA,NA,2808,NA
2020-11-09,314,11,9,38782,NA,1253,NA,265,3525,30,NA,19,NA,NA,NA,2841,NA
2020-11-10,315,11,10,39776,NA,1259,NA,274,3562,33,NA,19,NA,NA,NA,2869,NA
2020-11-11,316,11,11,40811,NA,1268,NA,287,3602,32,NA,16,NA,NA,NA,2891,NA
2020-11-12,317,11,12,41603,NA,1273,NA,291,3639,30,NA,16,NA,NA,NA,2921,NA
2020-11-13,318,11,13,42681,NA,1275,NA,301,3679,29,NA,16,NA,NA,NA,2951,NA
2020-11-14,319,11,14,43446,NA,1285,NA,313,3720,27,NA,14,NA,NA,NA,2975,NA
2020-11-15,320,11,15,43953,NA,1293,NA,331,3763,30,NA,12,NA,NA,NA,2995,NA
2020-11-16,321,11,16,44614,NA,1299,NA,347,3817,28,NA,14,NA,NA,NA,3030,NA
2020-11-17,322,11,17,46013,NA,1304,NA,359,3870,32,NA,14,NA,NA,NA,3069,NA
2020-11-18,323,11,18,47022,NA,1311,NA,355,3906,31,NA,16,NA,NA,NA,3104,NA
2020-11-19,324,11,19,48058,NA,1317,NA,357,3950,32,NA,19,NA,NA,NA,3142,NA
2020-11-20,325,11,20,49339,NA,1324,NA,356,3997,35,NA,15,NA,NA,NA,3187,NA
2020-11-21,326,11,21,50077,NA,1334,NA,361,4039,37,NA,15,NA,NA,NA,3219,NA
2020-11-22,327,11,22,50532,NA,1346,NA,390,4097,35,NA,16,NA,NA,NA,3244,NA
2020-11-23,328,11,23,51432,NA,1358,NA,428,4169,42,NA,19,NA,NA,NA,3278,NA
2020-11-24,329,11,24,52375,NA,1370,NA,409,4213,43,NA,22,NA,NA,NA,3335,NA
2020-11-25,330,11,25,53578,NA,1377,NA,406,4269,44,NA,26,NA,NA,NA,3390,NA
2020-11-26,331,11,26,53992,NA,1389,NA,415,4319,47,NA,25,NA,NA,NA,3427,NA
2020-11-27,332,11,27,54972,NA,1398,NA,409,4364,48,NA,22,NA,NA,NA,3471,NA
2020-11-28,333,11,28,56052,NA,1402,NA,438,4426,49,NA,22,NA,NA,NA,3504,NA
2020-11-29,334,11,29,56808,NA,1411,NA,457,4482,50,NA,24,NA,NA,NA,3538,NA
2020-11-30,335,11,30,57980,NA,1418,NA,467,4545,53,NA,30,NA,NA,NA,3589,NA
2020-12-01,336,12,1,59422,NA,1431,NA,470,4605,52,NA,31,NA,NA,NA,3642,NA
2020-12-02,337,12,2,60887,NA,1445,NA,464,4655,53,NA,30,NA,NA,NA,3691,NA
2020-12-03,338,12,3,62491,NA,1457,NA,450,4719,49,NA,31,NA,NA,NA,3764,NA
2020-12-04,339,12,4,63982,NA,1469,NA,464,4786,46,NA,29,NA,NA,NA,3810,NA
2020-12-05,340,12,5,65079,NA,1486,NA,486,4849,48,NA,29,NA,NA,NA,3847,NA
2020-12-06,341,12,6,66042,NA,1501,NA,491,4906,48,NA,25,NA,NA,NA,3889,NA
2020-12-07,342,12,7,67309,NA,1525,NA,502,4973,47,NA,25,NA,NA,NA,3940,NA
2020-12-08,343,12,8,68657,NA,1546,NA,500,5031,52,NA,29,NA,NA,NA,3995,NA
2020-12-09,344,12,9,70050,NA,1561,NA,489,5087,49,NA,31,NA,NA,NA,4053,NA
2020-12-10,345,12,10,71244,NA,1586,NA,489,5149,56,NA,30,NA,NA,NA,4108,NA
2020-12-11,346,12,11,72500,NA,1606,NA,470,5216,62,NA,33,NA,NA,NA,4187,NA
2020-12-12,347,12,12,73439,NA,1625,NA,471,5277,55,NA,32,NA,NA,NA,4238,NA
2020-12-13,348,12,13,73968,NA,1655,NA,490,5345,56,NA,30,NA,NA,NA,4274,NA
2020-12-14,349,12,14,75098,NA,1670,NA,504,5428,66,NA,32,NA,NA,NA,4333,NA
2020-12-15,350,12,15,76136,NA,1686,NA,514,5497,63,NA,32,NA,NA,NA,4387,NA
2020-12-16,351,12,16,77271,NA,1705,NA,488,5551,62,NA,34,NA,NA,NA,4456,NA
2020-12-17,352,12,17,77663,NA,1722,NA,473,5596,61,NA,34,NA,NA,NA,4508,NA
2020-12-18,353,12,18,78587,NA,1737,NA,449,5650,61,NA,35,NA,NA,NA,4575,NA
2020-12-19,354,12,19,79663,NA,1757,NA,460,5708,62,NA,40,NA,NA,NA,4613,NA
2020-12-20,355,12,20,80099,NA,1771,NA,470,5765,64,NA,43,NA,NA,NA,4652,NA
2020-12-21,356,12,21,81037,NA,1782,NA,483,5836,58,NA,40,NA,NA,NA,4703,NA
2020-12-22,357,12,22,81953,NA,1800,NA,446,5885,58,NA,40,NA,NA,NA,4779,NA
2020-12-23,358,12,23,82898,NA,1810,NA,440,5944,64,NA,41,NA,NA,NA,4839,NA
2020-12-24,359,12,24,83787,NA,1826,NA,430,5994,67,NA,44,NA,NA,NA,4893,NA
2020-12-25,360,12,25,84037,NA,1847,NA,442,6044,64,NA,45,NA,NA,NA,4918,NA
2020-12-26,361,12,26,84833,NA,1858,NA,455,6100,67,NA,54,NA,NA,NA,4956,NA
2020-12-27,362,12,27,85537,NA,1871,NA,469,6143,68,NA,51,NA,NA,NA,4977,NA
2020-12-28,363,12,28,86825,NA,1885,NA,476,6195,72,NA,50,NA,NA,NA,5017,NA
2020-12-29,364,12,29,88034,NA,1902,NA,470,6248,70,NA,53,NA,NA,NA,5070,NA
2020-12-30,365,12,30,89407,NA,1914,NA,471,6304,66,NA,49,NA,NA,NA,5120,NA
2020-12-31,366,12,31,90294,NA,1933,NA,453,6353,60,NA,44,NA,NA,NA,5173,NA
2021-01-01,367,1,1,91069,NA,1947,NA,451,6400,60,NA,46,NA,NA,NA,5213,NA
2021-01-02,368,1,2,91945,NA,1961,NA,462,6449,59,NA,42,NA,NA,NA,5246,NA
2021-01-03,369,1,3,92588,NA,1978,NA,455,6488,61,NA,42,NA,NA,NA,5283,NA
2021-01-04,370,1,4,93745,NA,1998,NA,449,6552,64,NA,42,NA,NA,NA,5342,NA
2021-01-05,371,1,5,95318,NA,2011,NA,441,6605,62,NA,41,NA,NA,NA,5396,NA
2021-01-06,372,1,6,96533,NA,2030,NA,429,6662,57,NA,39,NA,NA,NA,5453,NA
2021-01-07,373,1,7,97713,NA,2041,NA,422,6710,56,NA,36,NA,NA,NA,5504,NA
2021-01-08,374,1,8,98901,NA,2055,NA,422,6763,53,NA,35,NA,NA,NA,5551,NA
2021-01-09,375,1,9,99986,NA,2070,NA,439,6824,52,NA,33,NA,NA,NA,5589,NA
2021-01-10,376,1,10,100640,NA,2085,NA,442,6868,55,NA,34,NA,NA,NA,5625,NA
2021-01-11,377,1,11,101570,NA,2107,NA,438,6923,54,NA,36,NA,NA,NA,5675,NA
2021-01-12,378,1,12,102546,NA,2122,NA,419,6978,55,NA,37,NA,NA,NA,5741,NA
2021-01-13,379,1,13,103401,NA,2133,NA,426,7041,55,NA,37,NA,NA,NA,5792,NA
2021-01-14,380,1,14,104411,NA,2143,NA,423,7098,57,NA,39,NA,NA,NA,5846,NA
2021-01-15,381,1,15,105319,NA,2159,NA,406,7157,56,NA,37,NA,NA,NA,5914,NA
2021-01-16,382,1,16,106063,NA,2174,NA,410,7211,58,NA,42,NA,NA,NA,5961,NA
2021-01-17,383,1,17,106568,NA,2182,NA,411,7253,56,NA,41,NA,NA,NA,5998,NA
2021-01-18,384,1,18,107058,NA,2201,NA,422,7312,55,NA,39,NA,NA,NA,6038,NA
2021-01-19,385,1,19,107918,NA,2214,NA,418,7375,57,NA,39,NA,NA,NA,6096,NA
2021-01-20,386,1,20,108816,NA,2239,NA,388,7417,51,NA,32,NA,NA,NA,6157,NA
2021-01-21,387,1,21,109815,NA,2249,NA,382,7470,51,NA,30,NA,NA,NA,6211,NA
2021-01-22,388,1,22,110556,NA,2264,NA,365,7519,54,NA,31,NA,NA,NA,6267,NA
2021-01-23,389,1,23,111267,NA,2272,NA,385,7569,59,NA,32,NA,NA,NA,6294,NA
2021-01-24,390,1,24,111598,NA,2288,NA,375,7607,59,NA,35,NA,NA,NA,6333,NA
2021-01-25,391,1,25,112275,NA,2302,NA,364,7652,59,NA,36,NA,NA,NA,6384,NA
2021-01-26,392,1,26,112929,NA,2314,NA,356,7698,56,NA,33,NA,NA,NA,6429,NA
2021-01-27,393,1,27,113655,NA,2321,NA,346,7747,58,NA,30,NA,NA,NA,6485,NA
2021-01-28,394,1,28,114278,NA,2336,NA,343,7781,55,NA,28,NA,NA,NA,6518,NA
2021-01-29,395,1,29,114868,NA,2343,NA,328,7821,58,NA,32,NA,NA,NA,6569,NA
2021-01-30,396,1,30,115441,NA,2351,NA,334,7859,53,NA,29,NA,NA,NA,6597,NA
2021-01-31,397,1,31,115750,NA,2359,NA,328,7891,47,NA,24,NA,NA,NA,6633,NA
2021-02-01,398,2,1,115945,NA,2370,NA,317,7922,45,NA,21,NA,NA,NA,6668,NA
2021-02-02,399,2,2,116473,NA,2384,NA,316,7968,48,NA,22,NA,NA,NA,6711,NA
2021-02-03,400,2,3,117139,NA,2398,NA,312,8014,47,NA,20,NA,NA,NA,6755,NA
2021-02-04,401,2,4,117742,NA,2406,NA,299,8045,48,NA,21,NA,NA,NA,6799,NA
2021-02-05,402,2,5,118245,NA,2412,NA,281,8070,51,NA,22,NA,NA,NA,6839,NA
2021-02-06,403,2,6,118590,NA,2421,NA,276,8096,52,NA,21,NA,NA,NA,6867,NA
2021-02-07,404,2,7,118767,NA,2434,NA,270,8118,49,NA,22,NA,NA,NA,6888,NA
2021-02-08,405,2,8,119130,NA,2442,NA,262,8140,46,NA,21,NA,NA,NA,6917,NA
2021-02-09,406,2,9,119624,NA,2449,NA,252,8166,47,NA,22,NA,NA,NA,6949,NA
2021-02-10,407,2,10,120075,NA,2460,NA,243,8195,44,NA,21,NA,NA,NA,6981,NA
2021-02-11,408,2,11,120473,NA,2471,NA,234,8220,42,NA,21,NA,NA,NA,7011,NA
2021-02-12,409,2,12,120854,NA,2476,NA,226,8239,40,NA,20,NA,NA,NA,7036,NA
2021-02-13,410,2,13,121174,NA,2486,NA,209,8258,38,NA,18,NA,NA,NA,7068,NA
2021-02-14,411,2,14,121385,NA,2490,NA,219,8282,38,NA,22,NA,NA,NA,7082,NA
2021-02-15,412,2,15,121694,NA,2493,NA,218,8308,33,NA,21,NA,NA,NA,7106,NA
2021-02-16,413,2,16,122088,NA,2502,NA,196,8325,34,NA,19,NA,NA,NA,7142,NA
2021-02-17,414,2,17,122470,NA,2504,NA,197,8351,30,NA,19,NA,NA,NA,7167,NA
2021-02-18,415,2,18,122805,NA,2508,NA,194,8368,36,NA,19,NA,NA,NA,7186,NA
2021-02-19,416,2,19,123158,NA,2514,NA,181,8391,30,NA,17,NA,NA,NA,7219,NA
2021-02-20,417,2,20,123436,NA,2518,NA,193,8425,30,NA,17,NA,NA,NA,7239,NA
2021-02-21,418,2,21,123634,NA,2521,NA,185,8431,34,NA,18,NA,NA,NA,7251,NA
2021-02-22,419,2,22,123981,NA,2524,NA,182,8445,33,NA,17,NA,NA,NA,7268,NA
2021-02-23,420,2,23,124425,NA,2530,NA,180,8469,32,NA,18,NA,NA,NA,7292,NA
2021-02-24,421,2,24,124835,NA,2535,NA,187,8496,33,NA,20,NA,NA,NA,7310,NA
2021-02-25,422,2,25,125294,NA,2540,NA,183,8514,30,NA,20,NA,NA,NA,7329,NA
2021-02-26,423,2,26,125669,NA,2540,NA,185,8540,30,NA,21,NA,NA,NA,7352,NA
2021-02-27,424,2,27,126011,NA,2544,NA,184,8553,30,NA,21,NA,NA,NA,7365,NA
2021-02-28,425,2,28,126177,NA,2547,NA,181,8560,28,NA,19,NA,NA,NA,7373,NA
2021-03-01,426,3,1,126503,NA,2553,NA,171,8574,27,NA,17,NA,NA,NA,7393,NA
2021-03-02,427,3,2,126945,NA,2553,NA,169,8592,28,NA,18,NA,NA,NA,7413,NA
2021-03-03,428,3,3,127362,NA,2556,NA,160,8604,29,NA,17,NA,NA,NA,7432,NA
2021-03-04,429,3,4,127738,NA,2558,NA,152,8625,27,NA,17,NA,NA,NA,7459,NA
2021-03-05,430,3,5,128104,NA,2561,NA,152,8644,26,NA,17,NA,NA,NA,7476,NA
2021-03-06,431,3,6,128327,NA,2561,NA,151,8660,24,NA,19,NA,NA,NA,7492,NA
2021-03-07,432,3,7,128519,NA,2565,NA,159,8673,23,NA,17,NA,NA,NA,7497,NA
2021-03-08,433,3,8,128837,NA,2568,NA,158,8695,24,NA,17,NA,NA,NA,7519,NA
2021-03-09,434,3,9,129241,NA,2570,NA,160,8719,27,NA,17,NA,NA,NA,7539,NA
2021-03-10,435,3,10,129679,NA,2576,NA,152,8738,25,NA,18,NA,NA,NA,7566,NA
2021-03-11,436,3,11,130031,NA,2579,NA,152,8755,25,NA,16,NA,NA,NA,7580,NA
2021-03-12,437,3,12,130397,NA,2581,NA,151,8778,24,NA,15,NA,NA,NA,7604,NA
2021-03-13,438,3,13,130691,NA,2587,NA,151,8794,21,NA,15,NA,NA,NA,7617,NA
2021-03-14,439,3,14,130839,NA,2590,NA,146,8809,19,NA,15,NA,NA,NA,7636,NA
2021-03-15,440,3,15,131117,NA,2595,NA,141,8824,16,NA,12,NA,NA,NA,7654,NA
2021-03-16,441,3,16,131555,NA,2597,NA,139,8838,17,NA,11,NA,NA,NA,7667,NA
2021-03-17,442,3,17,131960,NA,2601,NA,148,8862,19,NA,11,NA,NA,NA,7681,NA
2021-03-18,443,3,18,132352,NA,2604,NA,138,8873,15,NA,11,NA,NA,NA,7700,NA
2021-03-19,444,3,19,132754,NA,2608,NA,133,8885,17,NA,11,NA,NA,NA,7715,NA
2021-03-20,445,3,20,133055,NA,2611,NA,135,8904,17,NA,12,NA,NA,NA,7728,NA
2021-03-21,446,3,21,133264,NA,2612,NA,136,8918,16,NA,11,NA,NA,NA,7740,NA
2021-03-22,447,3,22,133667,NA,2612,NA,126,8931,17,NA,11,NA,NA,NA,7763,NA
2021-03-23,448,3,23,134119,NA,2612,NA,127,8950,19,NA,10,NA,NA,NA,7781,NA
2021-03-24,449,3,24,134610,NA,2614,NA,126,8963,22,NA,10,NA,NA,NA,7795,NA
2021-03-25,450,3,25,135099,NA,2617,NA,126,8981,19,NA,9,NA,NA,NA,7811,NA
2021-03-26,451,3,26,135602,NA,2621,NA,128,9002,17,NA,8,NA,NA,NA,7828,NA
2021-03-27,452,3,27,135930,NA,2622,NA,134,9020,17,NA,7,NA,NA,NA,7840,NA
2021-03-28,453,3,28,136157,NA,2625,NA,134,9034,16,NA,8,NA,NA,NA,7852,NA
2021-03-29,454,3,29,136564,NA,2627,NA,140,9056,14,NA,9,NA,NA,NA,7866,NA
2021-03-30,455,3,30,137178,NA,2630,NA,137,9075,15,NA,9,NA,NA,NA,7886,NA
2021-03-31,456,3,31,137671,NA,2633,NA,144,9102,13,NA,9,NA,NA,NA,7903,NA
2021-04-01,457,4,1,138112,NA,2635,NA,156,9132,19,NA,10,NA,NA,NA,7921,NA
2021-04-02,458,4,2,138536,NA,2635,NA,155,9152,22,NA,16,NA,NA,NA,7942,NA
2021-04-03,459,4,3,138826,NA,2635,NA,163,9178,26,NA,16,NA,NA,NA,7959,NA
2021-04-04,460,4,4,138914,NA,2637,NA,161,9191,29,NA,17,NA,NA,NA,7973,NA
2021-04-05,461,4,5,139337,NA,2639,NA,167,9222,30,NA,19,NA,NA,NA,7997,NA
2021-04-06,462,4,6,139930,NA,2639,NA,166,9243,32,NA,20,NA,NA,NA,8019,NA
2021-04-07,463,4,7,140429,NA,2642,NA,157,9260,37,NA,21,NA,NA,NA,8044,NA
2021-04-08,464,4,8,140921,NA,2643,NA,162,9281,34,NA,24,NA,NA,NA,8060,NA
2021-04-09,465,4,9,141456,NA,2644,NA,157,9302,35,NA,26,NA,NA,NA,8085,NA
2021-04-10,466,4,10,141779,NA,2648,NA,151,9317,32,NA,27,NA,NA,NA,8104,NA
2021-04-11,467,4,11,142028,NA,2650,NA,153,9330,30,NA,26,NA,NA,NA,8114,NA
2021-04-12,468,4,12,142521,NA,2652,NA,158,9353,33,NA,27,NA,NA,NA,8132,NA
2021-04-13,469,4,13,142994,NA,2654,NA,158,9376,33,NA,23,NA,NA,NA,8153,NA
2021-04-14,470,4,14,143422,NA,2656,NA,151,9391,32,NA,24,NA,NA,NA,8174,NA
2021-04-15,471,4,15,143884,NA,2658,NA,149,9413,31,NA,24,NA,NA,NA,8196,NA
2021-04-16,472,4,16,144259,NA,2659,NA,160,9440,33,NA,23,NA,NA,NA,8211,NA
2021-04-17,473,4,17,144490,NA,2663,NA,169,9469,32,NA,23,NA,NA,NA,8227,NA
2021-04-18,474,4,18,144693,NA,2663,NA,171,9486,31,NA,22,NA,NA,NA,8241,NA
2021-04-19,475,4,19,145020,NA,2663,NA,167,9510,30,NA,20,NA,NA,NA,8269,NA
2021-04-20,476,4,20,145394,NA,2666,NA,160,9532,27,NA,19,NA,NA,NA,8295,NA
2021-04-21,477,4,21,145716,NA,2667,NA,160,9548,29,NA,20,NA,NA,NA,8311,NA
2021-04-22,478,4,22,146014,NA,2668,NA,159,9562,29,NA,21,NA,NA,NA,8326,NA
2021-04-23,479,4,23,146313,NA,2668,NA,156,9582,28,NA,21,NA,NA,NA,8349,NA
2021-04-24,480,4,24,146521,NA,2670,NA,151,9594,30,NA,24,NA,NA,NA,8365,NA
2021-04-25,481,4,25,146640,NA,2673,NA,151,9607,33,NA,22,NA,NA,NA,8376,NA
2021-04-26,482,4,26,146872,NA,2673,NA,163,9630,34,NA,22,NA,NA,NA,8387,NA
2021-04-27,483,4,27,147212,NA,2677,NA,165,9648,32,NA,18,NA,NA,NA,8401,NA
2021-04-28,484,4,28,147503,NA,2679,NA,156,9663,30,NA,18,NA,NA,NA,8422,NA
2021-04-29,485,4,29,147777,NA,2682,NA,151,9676,26,NA,19,NA,NA,NA,8439,NA
2021-04-30,486,4,30,148003,NA,2683,NA,144,9693,27,NA,20,NA,NA,NA,8462,NA
2021-05-01,487,5,1,148178,NA,2688,NA,146,9709,27,NA,21,NA,NA,NA,8472,NA
2021-05-02,488,5,2,148294,NA,2691,NA,148,9720,29,NA,17,NA,NA,NA,8479,NA
2021-05-03,489,5,3,148483,NA,2693,NA,137,9730,27,NA,18,NA,NA,NA,8499,NA
2021-05-04,490,5,4,148724,NA,2693,NA,134,9740,27,NA,16,NA,NA,NA,8510,NA
2021-05-05,491,5,5,148931,NA,2694,NA,128,9752,27,NA,19,NA,NA,NA,8528,NA
2021-05-06,492,5,6,149134,NA,2695,NA,126,9764,25,NA,18,NA,NA,NA,8541,NA
2021-05-07,493,5,7,149300,NA,2696,NA,118,9773,26,NA,18,NA,NA,NA,8558,NA
2021-05-08,494,5,8,149413,NA,2698,NA,116,9786,24,NA,18,NA,NA,NA,8572,NA
2021-05-09,495,5,9,149480,NA,2700,NA,113,9790,22,NA,14,NA,NA,NA,8577,NA
2021-05-10,496,5,10,149630,NA,2702,NA,110,9804,22,NA,13,NA,NA,NA,8593,NA
2021-05-11,497,5,11,149798,NA,2704,NA,105,9814,23,NA,14,NA,NA,NA,8607,NA
2021-05-12,498,5,12,149956,NA,2705,NA,103,9823,21,NA,13,NA,NA,NA,8617,NA
2021-05-13,499,5,13,150098,NA,2707,NA,96,9833,20,NA,12,NA,NA,NA,8633,NA
2021-05-14,500,5,14,150203,NA,2707,NA,90,9842,20,NA,13,NA,NA,NA,8647,NA
2021-05-15,501,5,15,150306,NA,2707,NA,88,9846,20,NA,14,NA,NA,NA,8653,NA
2021-05-16,502,5,16,150368,NA,2709,NA,85,9851,19,NA,13,NA,NA,NA,8659,NA
2021-05-17,503,5,17,150465,NA,2710,NA,85,9861,19,NA,11,NA,NA,NA,8668,NA
2021-05-18,504,5,18,150592,NA,2710,NA,86,9873,19,NA,12,NA,NA,NA,8679,NA
2021-05-19,505,5,19,150677,NA,2710,NA,81,9878,19,NA,12,NA,NA,NA,8689,NA
2021-05-20,506,5,20,150781,NA,2711,NA,85,9891,20,NA,10,NA,NA,NA,8698,NA
2021-05-21,507,5,21,150868,NA,2713,NA,82,9897,16,NA,8,NA,NA,NA,8705,NA
2021-05-22,508,5,22,150910,NA,2713,NA,77,9901,16,NA,9,NA,NA,NA,8714,NA
2021-05-23,509,5,23,150949,NA,2715,NA,75,9907,15,NA,9,NA,NA,NA,8721,NA
2021-05-24,510,5,24,151019,NA,2715,NA,75,9916,14,NA,9,NA,NA,NA,8730,NA
2021-05-25,511,5,25,151092,NA,2716,NA,71,9923,14,NA,8,NA,NA,NA,8741,NA
2021-05-26,512,5,26,151174,NA,2717,NA,74,9929,14,NA,8,NA,NA,NA,8743,NA
2021-05-27,513,5,27,151211,NA,2718,NA,69,9933,12,NA,7,NA,NA,NA,8751,NA
2021-05-28,514,5,28,151257,NA,2718,NA,63,9937,13,NA,8,NA,NA,NA,8761,NA
2021-05-29,515,5,29,151287,NA,2718,NA,61,9939,12,NA,8,NA,NA,NA,8765,NA
2021-05-30,516,5,30,151305,NA,2719,NA,62,9945,12,NA,9,NA,NA,NA,8770,NA
2021-05-31,517,5,31,151314,NA,2720,NA,59,9949,11,NA,9,NA,NA,NA,8776,NA
2021-06-01,518,6,1,151355,NA,2721,NA,55,9953,9,NA,8,NA,NA,NA,8783,NA
2021-06-02,519,6,2,151386,NA,2722,NA,55,9960,6,NA,6,NA,NA,NA,8789,NA
2021-06-03,520,6,3,151440,NA,2724,NA,49,9961,5,NA,5,NA,NA,NA,8795,NA
2021-06-04,521,6,4,151474,NA,2724,NA,51,9967,5,NA,0,NA,NA,NA,8799,NA
2021-06-05,522,6,5,151497,NA,2726,NA,53,9972,6,NA,5,NA,NA,NA,8801,NA
2021-06-06,523,6,6,151506,NA,2726,NA,53,9975,6,NA,0,NA,NA,NA,8804,NA
2021-06-07,524,6,7,151528,NA,2726,NA,52,9977,6,NA,0,NA,NA,NA,8807,NA
2021-06-08,525,6,8,151565,NA,2726,NA,45,9978,6,NA,0,NA,NA,NA,8815,NA
2021-06-09,526,6,9,151604,NA,2726,NA,42,9981,5,NA,0,NA,NA,NA,8821,NA
2021-06-10,527,6,10,151625,NA,2726,NA,43,9984,5,NA,0,NA,NA,NA,8823,NA
2021-06-11,528,6,11,151649,NA,2726,NA,46,9990,6,NA,0,NA,NA,NA,8826,NA
2021-06-12,529,6,12,151678,NA,2726,NA,46,9992,7,NA,0,NA,NA,NA,8828,NA
2021-06-13,530,6,13,151684,NA,2727,NA,48,9996,7,NA,5,NA,NA,NA,8829,NA
2021-06-14,531,6,14,151708,NA,2727,NA,45,9999,8,NA,0,NA,NA,NA,8835,NA
2021-06-15,532,6,15,151733,NA,2727,NA,44,10001,9,NA,5,NA,NA,NA,8838,NA
2021-06-16,533,6,16,151757,NA,2729,NA,43,10004,9,NA,0,NA,NA,NA,8841,NA
2021-06-17,534,6,17,151784,NA,2729,NA,43,10009,9,NA,0,NA,NA,NA,8846,NA
2021-06-18,535,6,18,151798,NA,2730,NA,40,10012,6,NA,0,NA,NA,NA,8852,NA
2021-06-19,536,6,19,151818,NA,2731,NA,41,10015,7,NA,0,NA,NA,NA,8854,NA
2021-06-20,537,6,20,151830,NA,2731,NA,43,10017,8,NA,0,NA,NA,NA,8854,NA
2021-06-21,538,6,21,151846,NA,2733,NA,37,10017,7,NA,0,NA,NA,NA,8860,NA
2021-06-22,539,6,22,151876,NA,2733,NA,35,10018,7,NA,0,NA,NA,NA,8863,NA
2021-06-23,540,6,23,151891,NA,2733,NA,32,10019,5,NA,0,NA,NA,NA,8867,NA
2021-06-24,541,6,24,151909,NA,2735,NA,32,10022,0,NA,0,NA,NA,NA,8869,NA
2021-06-25,542,6,25,151929,NA,2735,NA,33,10024,0,NA,0,NA,NA,NA,8870,NA
2021-06-26,543,6,26,151947,NA,2735,NA,30,10024,0,NA,0,NA,NA,NA,8873,NA
2021-06-27,544,6,27,151955,NA,2735,NA,32,10029,0,NA,0,NA,NA,NA,8876,NA
2021-06-28,545,6,28,151966,NA,2736,NA,30,10029,0,NA,0,NA,NA,NA,8877,NA
2021-06-29,546,6,29,151987,NA,2737,NA,29,10032,0,NA,0,NA,NA,NA,8880,NA
2021-06-30,547,6,30,152002,NA,2737,NA,29,10033,5,NA,0,NA,NA,NA,8881,NA
2021-07-01,548,7,1,152026,NA,2737,NA,31,10036,6,NA,0,NA,NA,NA,8882,NA
2021-07-02,549,7,2,152057,NA,2737,NA,33,10039,6,NA,0,NA,NA,NA,8883,NA
2021-07-03,550,7,3,152074,NA,2738,NA,31,10040,0,NA,0,NA,NA,NA,8885,NA
2021-07-04,551,7,4,152079,NA,2738,NA,32,10041,0,NA,0,NA,NA,NA,8885,NA
2021-07-05,552,7,5,152091,NA,2738,NA,34,10044,0,NA,0,NA,NA,NA,8886,NA
2021-07-06,553,7,6,152125,NA,2738,NA,35,10045,0,NA,0,NA,NA,NA,8886,NA
2021-07-07,554,7,7,152152,NA,2738,NA,37,10050,0,NA,0,NA,NA,NA,8889,NA
2021-07-08,555,7,8,152181,NA,2738,NA,39,10054,0,NA,0,NA,NA,NA,8891,NA
2021-07-09,556,7,9,152201,NA,2738,NA,37,10056,0,NA,0,NA,NA,NA,8895,NA
2021-07-10,557,7,10,152232,NA,2739,NA,36,10058,0,NA,0,NA,NA,NA,8898,NA
2021-07-11,558,7,11,152254,NA,2739,NA,34,10060,0,NA,0,NA,NA,NA,8901,NA
2021-07-12,559,7,12,152295,NA,2740,NA,35,10064,0,NA,0,NA,NA,NA,8903,NA
2021-07-13,560,7,13,152341,NA,2740,NA,34,10067,0,NA,0,NA,NA,NA,8907,NA
2021-07-14,561,7,14,152391,NA,2741,NA,30,10069,0,NA,0,NA,NA,NA,8912,NA
2021-07-15,562,7,15,152441,NA,2741,NA,31,10073,0,NA,0,NA,NA,NA,8915,NA
2021-07-16,563,7,16,152497,NA,2741,NA,30,10073,0,NA,0,NA,NA,NA,8916,NA
2021-07-17,564,7,17,152544,NA,2741,NA,30,10075,0,NA,0,NA,NA,NA,8918,NA
2021-07-18,565,7,18,152571,NA,2741,NA,33,10078,0,NA,0,NA,NA,NA,8918,NA
2021-07-19,566,7,19,152649,NA,2741,NA,30,10079,0,NA,0,NA,NA,NA,8922,NA
2021-07-20,567,7,20,152752,NA,2741,NA,28,10080,0,NA,0,NA,NA,NA,8925,NA
2021-07-21,568,7,21,152845,NA,2741,NA,29,10083,0,NA,0,NA,NA,NA,8927,NA
2021-07-22,569,7,22,152935,NA,2741,NA,34,10089,0,NA,0,NA,NA,NA,8928,NA
2021-07-23,570,7,23,153041,NA,2742,NA,38,10093,0,NA,0,NA,NA,NA,8928,NA
2021-07-24,571,7,24,153131,NA,2742,NA,36,10097,0,NA,0,NA,NA,NA,8934,NA
2021-07-25,572,7,25,153194,NA,2742,NA,40,10102,0,NA,0,NA,NA,NA,8935,NA
2021-07-26,573,7,26,153310,NA,2742,NA,42,10105,6,NA,0,NA,NA,NA,8936,NA
2021-07-27,574,7,27,153491,NA,2742,NA,47,10112,7,NA,0,NA,NA,NA,8938,NA
2021-07-28,575,7,28,153685,NA,2742,NA,48,10116,7,NA,0,NA,NA,NA,8941,NA
2021-07-29,576,7,29,153894,NA,2743,NA,49,10120,9,NA,0,NA,NA,NA,8943,NA
2021-07-30,577,7,30,154093,NA,2743,NA,51,10128,7,NA,0,NA,NA,NA,8949,NA
2021-07-31,578,7,31,154249,NA,2743,NA,51,10133,7,NA,0,NA,NA,NA,8954,NA
2021-08-01,579,8,1,154340,NA,2743,NA,55,10141,8,NA,0,NA,NA,NA,8958,NA
2021-08-02,580,8,2,154548,NA,2743,NA,57,10150,9,NA,0,NA,NA,NA,8965,NA
2021-08-03,581,8,3,154847,NA,2744,NA,55,10157,9,NA,5,NA,NA,NA,8973,NA
2021-08-04,582,8,4,155082,NA,2745,NA,60,10164,12,NA,6,NA,NA,NA,8975,NA
2021-08-05,583,8,5,155369,NA,2746,NA,67,10174,12,NA,5,NA,NA,NA,8977,NA
2021-08-06,584,8,6,155603,NA,2746,NA,77,10189,11,NA,0,NA,NA,NA,8982,NA
2021-08-07,585,8,7,155798,NA,2748,NA,82,10198,12,NA,0,NA,NA,NA,8985,NA
2021-08-08,586,8,8,155933,NA,2748,NA,89,10211,12,NA,0,NA,NA,NA,8991,NA
2021-08-09,587,8,9,156146,NA,2748,NA,104,10231,13,NA,5,NA,NA,NA,8996,NA
2021-08-10,588,8,10,156459,NA,2748,NA,109,10248,14,NA,6,NA,NA,NA,9007,NA
2021-08-11,589,8,11,156768,NA,2748,NA,109,10258,12,NA,5,NA,NA,NA,9017,NA
2021-08-12,590,8,12,157135,NA,2750,NA,108,10275,16,NA,7,NA,NA,NA,9034,NA
2021-08-13,591,8,13,157454,NA,2751,NA,105,10286,12,NA,6,NA,NA,NA,9047,NA
2021-08-14,592,8,14,157684,NA,2752,NA,114,10304,14,NA,7,NA,NA,NA,9055,NA
2021-08-15,593,8,15,157846,NA,2752,NA,120,10316,16,NA,6,NA,NA,NA,9061,NA
2021-08-16,594,8,16,158216,NA,2752,NA,125,10330,18,NA,7,NA,NA,NA,9070,NA
2021-08-17,595,8,17,158556,NA,2752,NA,122,10346,19,NA,9,NA,NA,NA,9089,NA
2021-08-18,596,8,18,158911,NA,2756,NA,124,10368,20,NA,9,NA,NA,NA,9105,NA
2021-08-19,597,8,19,159246,NA,2756,NA,127,10383,21,NA,12,NA,NA,NA,9116,NA
2021-08-20,598,8,20,159554,NA,2759,NA,129,10397,21,NA,11,NA,NA,NA,9125,NA
2021-08-21,599,8,21,159768,NA,2760,NA,138,10417,23,NA,9,NA,NA,NA,9135,NA
2021-08-22,600,8,22,159899,NA,2761,NA,148,10432,28,NA,11,NA,NA,NA,9140,NA
2021-08-23,601,8,23,160146,NA,2761,NA,150,10446,27,NA,12,NA,NA,NA,9152,NA
2021-08-24,602,8,24,160507,NA,2762,NA,158,10466,27,NA,13,NA,NA,NA,9163,NA
2021-08-25,603,8,25,160896,NA,2766,NA,161,10484,27,NA,11,NA,NA,NA,9176,NA
2021-08-26,604,8,26,161282,NA,2770,NA,155,10496,22,NA,11,NA,NA,NA,9191,NA
2021-08-27,605,8,27,161656,NA,2771,NA,156,10517,21,NA,12,NA,NA,NA,9210,NA
2021-08-28,606,8,28,161891,NA,2772,NA,162,10534,21,NA,13,NA,NA,NA,9220,NA
2021-08-29,607,8,29,162076,NA,2774,NA,169,10551,22,NA,13,NA,NA,NA,9229,NA
2021-08-30,608,8,30,162419,NA,2776,NA,176,10579,21,NA,13,NA,NA,NA,9249,NA
2021-08-31,609,8,31,162764,NA,2776,NA,179,10601,23,NA,11,NA,NA,NA,9268,NA
2021-09-01,610,9,1,163153,NA,2776,NA,173,10615,20,NA,12,NA,NA,NA,9288,NA
2021-09-02,611,9,2,163529,NA,2778,NA,175,10635,22,NA,12,NA,NA,NA,9305,NA
2021-09-03,612,9,3,163899,NA,2778,NA,180,10659,28,NA,12,NA,NA,NA,9324,NA
2021-09-04,613,9,4,164122,NA,2781,NA,178,10673,29,NA,13,NA,NA,NA,9338,NA
2021-09-05,614,9,5,164341,NA,2784,NA,174,10682,26,NA,12,NA,NA,NA,9347,NA
2021-09-06,615,9,6,164478,NA,2788,NA,168,10692,24,NA,12,NA,NA,NA,9359,NA
2021-09-07,616,9,7,164928,NA,2791,NA,155,10704,22,NA,12,NA,NA,NA,9382,NA
2021-09-08,617,9,8,165310,NA,2797,NA,156,10724,19,NA,9,NA,NA,NA,9398,NA
2021-09-09,618,9,9,165738,NA,2800,NA,146,10737,20,NA,9,NA,NA,NA,9417,NA
2021-09-10,619,9,10,166120,NA,2803,NA,136,10752,23,NA,9,NA,NA,NA,9441,NA
2021-09-11,620,9,11,166453,NA,2808,NA,128,10760,23,NA,6,NA,NA,NA,9452,NA
2021-09-12,621,9,12,166697,NA,2811,NA,140,10784,21,NA,8,NA,NA,NA,9462,NA
2021-09-13,622,9,13,167167,NA,2812,NA,145,10808,20,NA,9,NA,NA,NA,9480,NA
2021-09-14,623,9,14,167534,NA,2812,NA,150,10827,21,NA,8,NA,NA,NA,9494,NA
2021-09-15,624,9,15,167909,NA,2815,NA,138,10840,27,NA,12,NA,NA,NA,9517,NA
2021-09-16,625,9,16,168280,NA,2816,NA,138,10850,25,NA,14,NA,NA,NA,9527,NA
2021-09-17,626,9,17,168637,NA,2820,NA,138,10867,23,NA,11,NA,NA,NA,9542,NA
2021-09-18,627,9,18,168951,NA,2822,NA,143,10884,22,NA,9,NA,NA,NA,9553,NA
2021-09-19,628,9,19,169215,NA,2822,NA,142,10900,25,NA,12,NA,NA,NA,9569,NA
2021-09-20,629,9,20,169590,NA,2822,NA,153,10922,26,NA,13,NA,NA,NA,9580,NA
2021-09-21,630,9,21,169922,NA,2824,NA,152,10936,23,NA,11,NA,NA,NA,9594,NA
2021-09-22,631,9,22,170287,NA,2827,NA,149,10948,18,NA,10,NA,NA,NA,9606,NA
2021-09-23,632,9,23,170665,NA,2830,NA,148,10965,17,NA,9,NA,NA,NA,9621,NA
2021-09-24,633,9,24,171002,NA,2832,NA,157,10984,18,NA,10,NA,NA,NA,9631,NA
2021-09-25,634,9,25,171239,NA,2834,NA,159,10997,17,NA,9,NA,NA,NA,9640,NA
2021-09-26,635,9,26,171454,NA,2837,NA,156,11014,16,NA,7,NA,NA,NA,9657,NA
2021-09-27,636,9,27,171792,NA,2838,NA,152,11027,15,NA,9,NA,NA,NA,9673,NA
2021-09-28,637,9,28,172087,NA,2839,NA,144,11041,16,NA,8,NA,NA,NA,9695,NA
2021-09-29,638,9,29,172464,NA,2840,NA,144,11059,15,NA,11,NA,NA,NA,9712,NA
2021-09-30,639,9,30,172802,NA,2841,NA,143,11075,14,NA,10,NA,NA,NA,9728,NA
2021-10-01,640,10,1,173085,NA,2846,NA,136,11087,12,NA,7,NA,NA,NA,9742,NA
2021-10-02,641,10,2,173310,NA,2847,NA,133,11095,15,NA,8,NA,NA,NA,9752,NA
2021-10-03,642,10,3,173473,NA,2847,NA,123,11101,11,NA,8,NA,NA,NA,9768,NA
2021-10-04,643,10,4,173740,NA,2849,NA,125,11117,16,NA,9,NA,NA,NA,9781,NA
2021-10-05,644,10,5,174084,NA,2853,NA,120,11131,13,NA,8,NA,NA,NA,9797,NA
2021-10-06,645,10,6,174415,NA,2854,NA,113,11138,14,NA,8,NA,NA,NA,9810,NA
2021-10-07,646,10,7,174678,NA,2855,NA,113,11149,12,NA,7,NA,NA,NA,9820,NA
2021-10-08,647,10,8,175015,NA,2855,NA,112,11159,10,NA,6,NA,NA,NA,9830,NA
2021-10-09,648,10,9,175250,NA,2857,NA,110,11168,12,NA,6,NA,NA,NA,9839,NA
2021-10-10,649,10,10,175457,NA,2859,NA,112,11178,12,NA,7,NA,NA,NA,9846,NA
2021-10-11,650,10,11,175710,NA,2859,NA,117,11188,12,NA,7,NA,NA,NA,9851,NA
2021-10-12,651,10,12,176017,NA,2861,NA,123,11208,13,NA,7,NA,NA,NA,9865,NA
2021-10-13,652,10,13,176334,NA,2862,NA,123,11222,15,NA,7,NA,NA,NA,9878,NA
2021-10-14,653,10,14,176655,NA,2862,NA,128,11240,16,NA,8,NA,NA,NA,9891,NA
2021-10-15,654,10,15,176971,NA,2864,NA,124,11252,18,NA,10,NA,NA,NA,9905,NA
2021-10-16,655,10,16,177173,NA,2865,NA,130,11263,18,NA,10,NA,NA,NA,9910,NA
2021-10-17,656,10,17,177331,NA,2867,NA,136,11276,16,NA,9,NA,NA,NA,9915,NA
2021-10-18,657,10,18,177555,NA,2871,NA,132,11288,15,NA,9,NA,NA,NA,9929,NA
2021-10-19,658,10,19,177815,NA,2875,NA,128,11295,13,NA,9,NA,NA,NA,9938,NA
2021-10-20,659,10,20,178058,NA,2876,NA,126,11304,13,NA,10,NA,NA,NA,9948,NA
2021-10-21,660,10,21,178280,NA,2876,NA,127,11319,13,NA,10,NA,NA,NA,9962,NA
2021-10-22,661,10,22,178503,NA,2878,NA,129,11329,17,NA,9,NA,NA,NA,9970,NA
2021-10-23,662,10,23,178642,NA,2878,NA,120,11335,18,NA,10,NA,NA,NA,9985,NA
2021-10-24,663,10,24,178746,NA,2881,NA,117,11343,17,NA,8,NA,NA,NA,9993,NA
2021-10-25,664,10,25,178961,NA,2881,NA,115,11354,15,NA,8,NA,NA,NA,10006,NA
2021-10-26,665,10,26,179257,NA,2882,NA,115,11367,12,NA,8,NA,NA,NA,10018,NA
2021-10-27,666,10,27,179479,NA,2883,NA,111,11379,14,NA,8,NA,NA,NA,10032,NA
2021-10-28,667,10,28,179726,NA,2883,NA,113,11389,16,NA,8,NA,NA,NA,10039,NA
2021-10-29,668,10,29,179975,NA,2883,NA,114,11397,16,NA,8,NA,NA,NA,10046,NA
2021-10-30,669,10,30,180167,NA,2885,NA,109,11402,20,NA,9,NA,NA,NA,10055,NA
2021-10-31,670,10,31,180301,NA,2886,NA,117,11418,16,NA,8,NA,NA,NA,10062,NA
2021-11-01,671,11,1,180557,NA,2887,NA,122,11431,16,NA,10,NA,NA,NA,10070,NA
2021-11-02,672,11,2,180861,NA,2887,NA,129,11448,17,NA,12,NA,NA,NA,10080,NA
2021-11-03,673,11,3,181191,NA,2888,NA,129,11465,19,NA,13,NA,NA,NA,10096,NA
2021-11-04,674,11,4,181530,NA,2889,NA,125,11473,19,NA,10,NA,NA,NA,10107,NA
2021-11-05,675,11,5,181815,NA,2891,NA,123,11495,20,NA,12,NA,NA,NA,10128,NA
2021-11-06,676,11,6,182025,NA,2892,NA,127,11504,20,NA,10,NA,NA,NA,10132,NA
2021-11-07,677,11,7,182250,NA,2894,NA,128,11515,19,NA,10,NA,NA,NA,10141,NA
2021-11-08,678,11,8,182598,NA,2894,NA,131,11530,22,NA,11,NA,NA,NA,10152,NA
2021-11-09,679,11,9,182943,NA,2897,NA,132,11545,20,NA,11,NA,NA,NA,10163,NA
2021-11-10,680,11,10,183391,NA,2898,NA,133,11558,17,NA,10,NA,NA,NA,10174,NA
2021-11-11,681,11,11,183724,NA,2903,NA,130,11573,17,NA,8,NA,NA,NA,10189,NA
2021-11-12,682,11,12,184115,NA,2905,NA,127,11580,16,NA,10,NA,NA,NA,10198,NA
2021-11-13,683,11,13,184469,NA,2906,NA,137,11600,21,NA,11,NA,NA,NA,10208,NA
2021-11-14,684,11,14,184753,NA,2910,NA,150,11619,23,NA,10,NA,NA,NA,10213,NA
2021-11-15,685,11,15,185312,NA,2913,NA,146,11635,24,NA,12,NA,NA,NA,10229,NA
2021-11-16,686,11,16,185807,NA,2914,NA,144,11647,27,NA,15,NA,NA,NA,10243,NA
2021-11-17,687,11,17,186357,NA,2917,NA,146,11662,25,NA,15,NA,NA,NA,10253,NA
2021-11-18,688,11,18,186962,NA,2922,NA,147,11676,23,NA,15,NA,NA,NA,10264,NA
2021-11-19,689,11,19,187487,NA,2923,NA,146,11696,26,NA,14,NA,NA,NA,10284,NA
2021-11-20,690,11,20,187833,NA,2925,NA,144,11708,26,NA,13,NA,NA,NA,10296,NA
2021-11-21,691,11,21,188176,NA,2926,NA,152,11726,23,NA,13,NA,NA,NA,10305,NA
2021-11-22,692,11,22,188809,NA,2930,NA,168,11754,26,NA,14,NA,NA,NA,10315,NA
2021-11-23,693,11,23,189420,NA,2930,NA,172,11770,27,NA,14,NA,NA,NA,10327,NA
2021-11-24,694,11,24,190117,NA,2932,NA,174,11786,29,NA,14,NA,NA,NA,10340,NA
2021-11-25,695,11,25,190293,NA,2934,NA,192,11811,32,NA,13,NA,NA,NA,10344,NA
2021-11-26,696,11,26,190858,NA,2936,NA,198,11829,30,NA,13,NA,NA,NA,10353,NA
2021-11-27,697,11,27,191347,NA,2943,NA,206,11854,27,NA,13,NA,NA,NA,10367,NA
2021-11-28,698,11,28,191842,NA,2945,NA,217,11879,26,NA,16,NA,NA,NA,10378,NA
2021-11-29,699,11,29,192685,NA,2947,NA,214,11901,24,NA,14,NA,NA,NA,10401,NA
2021-11-30,700,11,30,193668,NA,2950,NA,210,11924,26,NA,14,NA,NA,NA,10425,NA
2021-12-01,701,12,1,194833,NA,2955,NA,202,11943,24,NA,15,NA,NA,NA,10449,NA
2021-12-02,702,12,2,195920,NA,2956,NA,216,11976,24,NA,15,NA,NA,NA,10467,NA
2021-12-03,703,12,3,196876,NA,2958,NA,227,12004,32,NA,19,NA,NA,NA,10484,NA
2021-12-04,704,12,4,197615,NA,2962,NA,235,12029,29,NA,19,NA,NA,NA,10498,NA
2021-12-05,705,12,5,198191,NA,2964,NA,249,12059,34,NA,19,NA,NA,NA,10512,NA
2021-12-06,706,12,6,199230,NA,2964,NA,275,12106,38,NA,20,NA,NA,NA,10533,NA
2021-12-07,707,12,7,200229,NA,2966,NA,272,12137,38,NA,23,NA,NA,NA,10566,NA
2021-12-08,708,12,8,201408,NA,2970,NA,277,12169,40,NA,23,NA,NA,NA,10590,NA
2021-12-09,709,12,9,202557,NA,2974,NA,282,12203,37,NA,24,NA,NA,NA,10615,NA
2021-12-10,710,12,10,203660,NA,2984,NA,288,12250,37,NA,24,NA,NA,NA,10646,NA
2021-12-11,711,12,11,204543,NA,2993,NA,316,12298,42,NA,24,NA,NA,NA,10662,NA
2021-12-12,712,12,12,205168,NA,2997,NA,331,12333,46,NA,26,NA,NA,NA,10678,NA
2021-12-13,713,12,13,206695,NA,2998,NA,346,12376,48,NA,32,NA,NA,NA,10705,NA
2021-12-14,714,12,14,207962,NA,3002,NA,352,12415,45,NA,31,NA,NA,NA,10734,NA
2021-12-15,715,12,15,209156,NA,3007,NA,347,12459,41,NA,30,NA,NA,NA,10779,NA
2021-12-16,716,12,16,210430,NA,3013,NA,343,12500,38,NA,29,NA,NA,NA,10818,NA
2021-12-17,717,12,17,211619,NA,3017,NA,354,12545,42,NA,28,NA,NA,NA,10849,NA
2021-12-18,718,12,18,212252,NA,3020,NA,351,12573,46,NA,29,NA,NA,NA,10877,NA
2021-12-19,719,12,19,212963,NA,3028,NA,350,12609,45,NA,27,NA,NA,NA,10907,NA
2021-12-20,720,12,20,214317,NA,3031,NA,358,12655,44,NA,28,NA,NA,NA,10943,NA
2021-12-21,721,12,21,216022,NA,3037,NA,351,12690,46,NA,29,NA,NA,NA,10980,NA
2021-12-22,722,12,22,217663,NA,3046,NA,349,12725,47,NA,37,NA,NA,NA,11015,NA
2021-12-23,723,12,23,219243,NA,3054,NA,365,12779,44,NA,35,NA,NA,NA,11048,NA
2021-12-24,724,12,24,220426,NA,3059,NA,361,12811,45,NA,32,NA,NA,NA,11078,NA
2021-12-25,725,12,25,220627,NA,3072,NA,367,12846,44,NA,32,NA,NA,NA,11099,NA
2021-12-26,726,12,26,221837,NA,3079,NA,384,12887,49,NA,34,NA,NA,NA,11118,NA
2021-12-27,727,12,27,224929,NA,3084,NA,400,12939,48,NA,36,NA,NA,NA,11150,NA
2021-12-28,728,12,28,228484,NA,3088,NA,411,12995,50,NA,36,NA,NA,NA,11191,NA
2021-12-29,729,12,29,232458,NA,3095,NA,432,13067,52,NA,38,NA,NA,NA,11237,NA
2021-12-30,730,12,30,236831,NA,3106,NA,432,13127,53,NA,38,NA,NA,NA,11288,NA
2021-12-31,731,12,31,239597,NA,3115,NA,429,13182,56,NA,38,NA,NA,NA,11342,NA
2022-01-01,732,1,1,241765,NA,3122,NA,459,13245,58,NA,39,NA,NA,NA,11370,NA
2022-01-02,733,1,2,244039,NA,3128,NA,492,13317,59,NA,35,NA,NA,NA,11404,NA
2022-01-03,734,1,3,249673,NA,3133,NA,514,13393,63,NA,37,NA,NA,NA,11454,NA
2022-01-04,735,1,4,256197,NA,3138,NA,536,13471,58,NA,37,NA,NA,NA,11506,NA
2022-01-05,736,1,5,263131,NA,3146,NA,535,13533,63,NA,42,NA,NA,NA,11564,NA
2022-01-06,737,1,6,269593,NA,3153,NA,547,13632,64,NA,38,NA,NA,NA,11643,NA
2022-01-07,738,1,7,274512,NA,3156,NA,544,13696,62,NA,42,NA,NA,NA,11709,NA
2022-01-08,739,1,8,278670,NA,3168,NA,531,13755,60,NA,39,NA,NA,NA,11771,NA
2022-01-09,740,1,9,282097,NA,3174,NA,546,13828,59,NA,37,NA,NA,NA,11824,NA
2022-01-10,741,1,10,287655,NA,3184,NA,582,13930,56,NA,31,NA,NA,NA,11882,NA
2022-01-11,742,1,11,293011,NA,3196,NA,585,14002,59,NA,37,NA,NA,NA,11949,NA
2022-01-12,743,1,12,298923,NA,3209,NA,605,14094,57,NA,34,NA,NA,NA,12012,NA
2022-01-13,744,1,13,304620,NA,3218,NA,601,14184,54,NA,32,NA,NA,NA,12100,NA
2022-01-14,745,1,14,309547,NA,3227,NA,585,14272,51,NA,33,NA,NA,NA,12196,NA
2022-01-15,746,1,15,313221,NA,3232,NA,589,14341,51,NA,34,NA,NA,NA,12258,NA
2022-01-16,747,1,16,315976,NA,3246,NA,594,14393,49,NA,33,NA,NA,NA,12297,NA
2022-01-17,748,1,17,318846,NA,3255,NA,622,14481,55,NA,37,NA,NA,NA,12351,NA
2022-01-18,749,1,18,322300,NA,3267,NA,589,14547,54,NA,39,NA,NA,NA,12445,NA
2022-01-19,750,1,19,325861,NA,3277,NA,552,14602,53,NA,40,NA,NA,NA,12528,NA
2022-01-20,751,1,20,328637,NA,3291,NA,528,14661,47,NA,34,NA,NA,NA,12601,NA
2022-01-21,752,1,21,331095,NA,3301,NA,510,14730,47,NA,34,NA,NA,NA,12683,NA
2022-01-22,753,1,22,332987,NA,3308,NA,506,14774,47,NA,31,NA,NA,NA,12726,NA
2022-01-23,754,1,23,334216,NA,3317,NA,516,14829,47,NA,32,NA,NA,NA,12765,NA
2022-01-24,755,1,24,336016,NA,3327,NA,514,14894,53,NA,32,NA,NA,NA,12827,NA
2022-01-25,756,1,25,338174,NA,3342,NA,480,14940,55,NA,37,NA,NA,NA,12895,NA
2022-01-26,757,1,26,340218,NA,3354,NA,438,14990,52,NA,33,NA,NA,NA,12980,NA
2022-01-27,758,1,27,341873,NA,3369,NA,440,15044,51,NA,34,NA,NA,NA,13025,NA
2022-01-28,759,1,28,343228,NA,3381,NA,399,15088,53,NA,32,NA,NA,NA,13103,NA
2022-01-29,760,1,29,343408,NA,3388,NA,410,15105,48,NA,30,NA,NA,NA,13106,NA
2022-01-30,761,1,30,344053,NA,3395,NA,407,15140,40,NA,27,NA,NA,NA,13141,NA
2022-01-31,762,1,31,345102,NA,3404,NA,394,15179,44,NA,27,NA,NA,NA,13188,NA
2022-02-01,763,2,1,346289,NA,3409,NA,367,15220,42,NA,29,NA,NA,NA,13252,NA
2022-02-02,764,2,2,347378,NA,3419,NA,345,15256,43,NA,27,NA,NA,NA,13307,NA
2022-02-03,765,2,3,348252,NA,3430,NA,342,15296,45,NA,29,NA,NA,NA,13346,NA
2022-02-04,766,2,4,348878,NA,3433,NA,322,15322,47,NA,31,NA,NA,NA,13392,NA
2022-02-05,767,2,5,349302,NA,3436,NA,307,15342,41,NA,29,NA,NA,NA,13423,NA
2022-02-06,768,2,6,349669,NA,3438,NA,305,15362,38,NA,27,NA,NA,NA,13443,NA
2022-02-07,769,2,7,350209,NA,3443,NA,291,15386,37,NA,24,NA,NA,NA,13480,NA
2022-02-08,770,2,8,350883,NA,3447,NA,277,15415,37,NA,23,NA,NA,NA,13520,NA
2022-02-09,771,2,9,351412,NA,3453,NA,260,15437,36,NA,21,NA,NA,NA,13555,NA
2022-02-10,772,2,10,351941,NA,3456,NA,228,15450,35,NA,20,NA,NA,NA,13597,NA
2022-02-11,773,2,11,352384,NA,3460,NA,214,15467,32,NA,20,NA,NA,NA,13626,NA
2022-02-12,774,2,12,352684,NA,3468,NA,214,15487,34,NA,22,NA,NA,NA,13642,NA
2022-02-13,775,2,13,352873,NA,3471,NA,215,15502,31,NA,19,NA,NA,NA,13653,NA
2022-02-14,776,2,14,353156,NA,3479,NA,205,15518,27,NA,15,NA,NA,NA,13677,NA
2022-02-15,777,2,15,353506,NA,3480,NA,188,15528,22,NA,12,NA,NA,NA,13702,NA
2022-02-16,778,2,16,353854,NA,3484,NA,183,15546,23,NA,9,NA,NA,NA,13722,NA
2022-02-17,779,2,17,354195,NA,3485,NA,177,15566,22,NA,11,NA,NA,NA,13748,NA
2022-02-18,780,2,18,354457,NA,3486,NA,177,15586,20,NA,12,NA,NA,NA,13768,NA
2022-02-19,781,2,19,354623,NA,3488,NA,172,15596,19,NA,12,NA,NA,NA,13780,NA
2022-02-20,782,2,20,354732,NA,3493,NA,170,15608,16,NA,10,NA,NA,NA,13791,NA
2022-02-21,783,2,21,354922,NA,3497,NA,164,15623,18,NA,11,NA,NA,NA,13810,NA
2022-02-22,784,2,22,355158,NA,3497,NA,164,15633,15,NA,9,NA,NA,NA,13820,NA
2022-02-23,785,2,23,355399,NA,3499,NA,167,15654,11,NA,8,NA,NA,NA,13836,NA
2022-02-24,786,2,24,355662,NA,3501,NA,157,15666,12,NA,10,NA,NA,NA,13857,NA
2022-02-25,787,2,25,355801,NA,3502,NA,156,15677,13,NA,9,NA,NA,NA,13869,NA
2022-02-26,788,2,26,355919,NA,3505,NA,142,15684,11,NA,11,NA,NA,NA,13889,NA
2022-02-27,789,2,27,356059,NA,3507,NA,135,15692,10,NA,10,NA,NA,NA,13901,NA
2022-02-28,790,2,28,356250,NA,3509,NA,132,15702,11,NA,8,NA,NA,NA,13914,NA
2022-03-01,791,3,1,356519,NA,3509,NA,125,15710,11,NA,9,NA,NA,NA,13928,NA
2022-03-02,792,3,2,356721,NA,3512,NA,124,15722,15,NA,10,NA,NA,NA,13941,NA
2022-03-03,793,3,3,356928,NA,3514,NA,118,15728,14,NA,11,NA,NA,NA,13951,NA
2022-03-04,794,3,4,357086,NA,3514,NA,111,15734,14,NA,11,NA,NA,NA,13963,NA
2022-03-05,795,3,5,357210,NA,3514,NA,109,15737,12,NA,10,NA,NA,NA,13968,NA
2022-03-06,796,3,6,357285,NA,3516,NA,113,15747,10,NA,9,NA,NA,NA,13973,NA
2022-03-07,797,3,7,357437,NA,3517,NA,104,15752,10,NA,8,NA,NA,NA,13987,NA
2022-03-08,798,3,8,357641,NA,3518,NA,103,15760,8,NA,7,NA,NA,NA,13996,NA
2022-03-09,799,3,9,357815,NA,3518,NA,97,15764,8,NA,7,NA,NA,NA,14006,NA
2022-03-10,800,3,10,357995,NA,3518,NA,97,15772,8,NA,8,NA,NA,NA,14013,NA
2022-03-11,801,3,11,358193,NA,3519,NA,90,15780,6,NA,6,NA,NA,NA,14027,NA
2022-03-12,802,3,12,358320,NA,3519,NA,88,15784,6,NA,6,NA,NA,NA,14033,NA
2022-03-13,803,3,13,358412,NA,3519,NA,89,15790,6,NA,6,NA,NA,NA,14038,NA
2022-03-14,804,3,14,358614,NA,3520,NA,95,15802,6,NA,6,NA,NA,NA,14044,NA
2022-03-15,805,3,15,358879,NA,3522,NA,83,15803,7,NA,6,NA,NA,NA,14056,NA
2022-03-16,806,3,16,359097,NA,3524,NA,83,15811,6,NA,6,NA,NA,NA,14063,NA
2022-03-17,807,3,17,359305,NA,3524,NA,85,15820,6,NA,7,NA,NA,NA,14070,NA
2022-03-18,808,3,18,359485,NA,3524,NA,87,15828,9,NA,7,NA,NA,NA,14076,NA
2022-03-19,809,3,19,359613,NA,3524,NA,81,15832,10,NA,7,NA,NA,NA,14086,NA
2022-03-20,810,3,20,359752,NA,3526,NA,84,15841,10,NA,5,NA,NA,NA,14091,NA
2022-03-21,811,3,21,359935,NA,3526,NA,79,15846,9,NA,0,NA,NA,NA,14100,NA
2022-03-22,812,3,22,360157,NA,3529,NA,76,15855,0,NA,0,NA,NA,NA,14112,NA
2022-03-23,813,3,23,360352,NA,3529,NA,72,15858,0,NA,0,NA,NA,NA,14119,NA
2022-03-24,814,3,24,360532,NA,3531,NA,73,15866,0,NA,0,NA,NA,NA,14125,NA
2022-03-25,815,3,25,360707,NA,3531,NA,71,15870,5,NA,0,NA,NA,NA,14131,NA
2022-03-26,816,3,26,360826,NA,3531,NA,70,15873,6,NA,0,NA,NA,NA,14135,NA
2022-03-27,817,3,27,360943,NA,3531,NA,68,15875,5,NA,0,NA,NA,NA,14139,NA
2022-03-28,818,3,28,361126,NA,3531,NA,65,15879,5,NA,0,NA,NA,NA,14146,NA
2022-03-29,819,3,29,361366,NA,3531,NA,69,15888,6,NA,0,NA,NA,NA,14151,NA
2022-03-30,820,3,30,361641,NA,3531,NA,66,15891,8,NA,0,NA,NA,NA,14157,NA
2022-03-31,821,3,31,361901,NA,3532,NA,70,15898,7,NA,0,NA,NA,NA,14160,NA
2022-04-01,822,4,1,362132,NA,3532,NA,71,15907,7,NA,0,NA,NA,NA,14167,NA
2022-04-02,823,4,2,362301,NA,3532,NA,69,15912,5,NA,0,NA,NA,NA,14174,NA
2022-04-03,824,4,3,362421,NA,3532,NA,73,15918,7,NA,0,NA,NA,NA,14176,NA
2022-04-04,825,4,4,362710,NA,3532,NA,65,15922,7,NA,0,NA,NA,NA,14188,NA
2022-04-05,826,4,5,363066,NA,3532,NA,67,15929,7,NA,0,NA,NA,NA,14192,NA
2022-04-06,827,4,6,363414,NA,3532,NA,68,15937,8,NA,0,NA,NA,NA,14199,NA
2022-04-07,828,4,7,363786,NA,3532,NA,71,15945,8,NA,0,NA,NA,NA,14204,NA
2022-04-08,829,4,8,364143,NA,3534,NA,70,15954,5,NA,5,NA,NA,NA,14214,NA
2022-04-09,830,4,9,364427,NA,3534,NA,70,15960,8,NA,0,NA,NA,NA,14220,NA
2022-04-10,831,4,10,364587,NA,3534,NA,76,15969,7,NA,0,NA,NA,NA,14223,NA
2022-04-11,832,4,11,364966,NA,3534,NA,80,15981,7,NA,5,NA,NA,NA,14231,NA
2022-04-12,833,4,12,365441,NA,3534,NA,84,15991,5,NA,0,NA,NA,NA,14236,NA
2022-04-13,834,4,13,365857,NA,3535,NA,85,15998,0,NA,0,NA,NA,NA,14242,NA
2022-04-14,835,4,14,366254,NA,3536,NA,85,16006,5,NA,0,NA,NA,NA,14250,NA
2022-04-15,836,4,15,366618,NA,3538,NA,90,16020,0,NA,0,NA,NA,NA,14259,NA
2022-04-16,837,4,16,366951,NA,3539,NA,83,16025,0,NA,0,NA,NA,NA,14271,NA
2022-04-17,838,4,17,367099,NA,3539,NA,89,16033,0,NA,0,NA,NA,NA,14273,NA
2022-04-18,839,4,18,367447,NA,3539,NA,92,16045,0,NA,0,NA,NA,NA,14282,NA
2022-04-19,840,4,19,367869,NA,3539,NA,90,16056,0,NA,0,NA,NA,NA,14295,NA
2022-04-20,841,4,20,368253,NA,3539,NA,88,16065,0,NA,0,NA,NA,NA,14306,NA
2022-04-21,842,4,21,368656,NA,3541,NA,87,16075,0,NA,0,NA,NA,NA,14316,NA
2022-04-22,843,4,22,369105,NA,3542,NA,88,16084,0,NA,0,NA,NA,NA,14323,NA
2022-04-23,844,4,23,369441,NA,3544,NA,91,16094,0,NA,0,NA,NA,NA,14329,NA
2022-04-24,845,4,24,369659,NA,3544,NA,96,16106,0,NA,0,NA,NA,NA,14336,NA
2022-04-25,846,4,25,370190,NA,3544,NA,101,16125,6,NA,0,NA,NA,NA,14350,NA
2022-04-26,847,4,26,370762,NA,3544,NA,98,16134,6,NA,0,NA,NA,NA,14362,NA
2022-04-27,848,4,27,371425,NA,3546,NA,97,16150,5,NA,0,NA,NA,NA,14378,NA
2022-04-28,849,4,28,372020,NA,3548,NA,100,16168,0,NA,0,NA,NA,NA,14391,NA
2022-04-29,850,4,29,372583,NA,3548,NA,98,16177,0,NA,0,NA,NA,NA,14402,NA
2022-04-30,851,4,30,373033,NA,3549,NA,106,16188,6,NA,0,NA,NA,NA,14405,NA
2022-05-01,852,5,1,373303,NA,3550,NA,112,16200,6,NA,0,NA,NA,NA,14411,NA
2022-05-02,853,5,2,373982,NA,3551,NA,124,16217,5,NA,0,NA,NA,NA,14416,NA
2022-05-03,854,5,3,374809,NA,3552,NA,125,16238,5,NA,0,NA,NA,NA,14435,NA
2022-05-04,855,5,4,375595,NA,3552,NA,115,16254,0,NA,0,NA,NA,NA,14460,NA
2022-05-05,856,5,5,376470,NA,3553,NA,107,16267,5,NA,0,NA,NA,NA,14480,NA
2022-05-06,857,5,6,377209,NA,3554,NA,114,16282,5,NA,0,NA,NA,NA,14487,NA
2022-05-07,858,5,7,377776,NA,3556,NA,118,16298,5,NA,0,NA,NA,NA,14499,NA
2022-05-08,859,5,8,378094,NA,3557,NA,122,16308,5,NA,0,NA,NA,NA,14505,NA
2022-05-09,860,5,9,378994,NA,3560,NA,117,16326,6,NA,0,NA,NA,NA,14527,NA
2022-05-10,861,5,10,379962,NA,3561,NA,117,16346,7,NA,0,NA,NA,NA,14547,NA
2022-05-11,862,5,11,380945,NA,3564,NA,124,16367,9,NA,0,NA,NA,NA,14560,NA
2022-05-12,863,5,12,381932,NA,3566,NA,134,16395,6,NA,0,NA,NA,NA,14578,NA
2022-05-13,864,5,13,382828,NA,3567,NA,127,16408,6,NA,0,NA,NA,NA,14597,NA
2022-05-14,865,5,14,383517,NA,3568,NA,134,16429,7,NA,0,NA,NA,NA,14610,NA
2022-05-15,866,5,15,383922,NA,3568,NA,138,16442,5,NA,0,NA,NA,NA,14619,NA
2022-05-16,867,5,16,384789,NA,3568,NA,137,16466,8,NA,0,NA,NA,NA,14644,NA
2022-05-17,868,5,17,385898,NA,3568,NA,139,16489,7,NA,0,NA,NA,NA,14665,NA
2022-05-18,869,5,18,386813,NA,3570,NA,127,16505,0,NA,0,NA,NA,NA,14693,NA
2022-05-19,870,5,19,387626,NA,3571,NA,122,16523,0,NA,0,NA,NA,NA,14715,NA
2022-05-20,871,5,20,388301,NA,3572,NA,118,16539,6,NA,0,NA,NA,NA,14734,NA
2022-05-21,872,5,21,388784,NA,3574,NA,121,16552,7,NA,0,NA,NA,NA,14744,NA
2022-05-22,873,5,22,389113,NA,3577,NA,119,16567,7,NA,0,NA,NA,NA,14761,NA
2022-05-23,874,5,23,389761,NA,3579,NA,118,16584,7,NA,0,NA,NA,NA,14779,NA
2022-05-24,875,5,24,390486,NA,3581,NA,111,16595,5,NA,0,NA,NA,NA,14795,NA
2022-05-25,876,5,25,391140,NA,3583,NA,110,16609,0,NA,0,NA,NA,NA,14810,NA
2022-05-26,877,5,26,391792,NA,3584,NA,112,16631,0,NA,0,NA,NA,NA,14830,NA
2022-05-27,878,5,27,392309,NA,3584,NA,110,16648,6,NA,0,NA,NA,NA,14849,NA
2022-05-28,879,5,28,392761,NA,3584,NA,118,16667,6,NA,0,NA,NA,NA,14859,NA
2022-05-29,880,5,29,393087,NA,3586,NA,127,16683,9,NA,0,NA,NA,NA,14863,NA
2022-05-30,881,5,30,393341,NA,3588,NA,135,16701,9,NA,0,NA,NA,NA,14873,NA
2022-05-31,882,5,31,393872,NA,3588,NA,129,16717,7,NA,0,NA,NA,NA,14895,NA
2022-06-01,883,6,1,394480,NA,3588,NA,116,16728,5,NA,0,NA,NA,NA,14918,NA
2022-06-02,884,6,2,395112,NA,3589,NA,120,16745,6,NA,0,NA,NA,NA,14931,NA
2022-06-03,885,6,3,395528,NA,3589,NA,110,16756,8,NA,0,NA,NA,NA,14952,NA
2022-06-04,886,6,4,395826,NA,3591,NA,114,16768,7,NA,0,NA,NA,NA,14960,NA
2022-06-05,887,6,5,396064,NA,3592,NA,113,16782,8,NA,0,NA,NA,NA,14973,NA
2022-06-06,888,6,6,396446,NA,3593,NA,107,16793,9,NA,0,NA,NA,NA,14989,NA
2022-06-07,889,6,7,396837,NA,3593,NA,110,16809,9,NA,0,NA,NA,NA,15002,NA
2022-06-08,890,6,8,397254,NA,3595,NA,110,16821,8,NA,0,NA,NA,NA,15013,NA
2022-06-09,891,6,9,397680,NA,3597,NA,103,16832,10,NA,0,NA,NA,NA,15031,NA
2022-06-10,892,6,10,398000,NA,3600,NA,105,16849,7,NA,0,NA,NA,NA,15044,NA
2022-06-11,893,6,11,398210,NA,3600,NA,97,16858,7,NA,0,NA,NA,NA,15061,NA
2022-06-12,894,6,12,398396,NA,3602,NA,105,16872,6,NA,0,NA,NA,NA,15067,NA
2022-06-13,895,6,13,398740,NA,3602,NA,100,16888,9,NA,0,NA,NA,NA,15088,NA
2022-06-14,896,6,14,399075,NA,3603,NA,93,16899,8,NA,0,NA,NA,NA,15106,NA
2022-06-15,897,6,15,399388,NA,3605,NA,87,16911,0,NA,0,NA,NA,NA,15123,NA
2022-06-16,898,6,16,399701,NA,3605,NA,78,16918,0,NA,0,NA,NA,NA,15139,NA
2022-06-17,899,6,17,399965,NA,3605,NA,78,16932,0,NA,0,NA,NA,NA,15152,NA
2022-06-18,900,6,18,400174,NA,3605,NA,82,16941,0,NA,0,NA,NA,NA,15157,NA
2022-06-19,901,6,19,400305,NA,3607,NA,84,16949,0,NA,0,NA,NA,NA,15163,NA
2022-06-20,902,6,20,400592,NA,3607,NA,82,16958,0,NA,0,NA,NA,NA,15173,NA
2022-06-21,903,6,21,400897,NA,3609,NA,78,16972,0,NA,0,NA,NA,NA,15191,NA
2022-06-22,904,6,22,401217,NA,3609,NA,73,16978,0,NA,0,NA,NA,NA,15202,NA
2022-06-23,905,6,23,401535,NA,3610,NA,74,16992,6,NA,0,NA,NA,NA,15215,NA
2022-06-24,906,6,24,401812,NA,3612,NA,77,17003,7,NA,0,NA,NA,NA,15222,NA
2022-06-25,907,6,25,401958,NA,3613,NA,81,17014,6,NA,0,NA,NA,NA,15229,NA
2022-06-26,908,6,26,402116,NA,3613,NA,83,17021,0,NA,0,NA,NA,NA,15232,NA
2022-06-27,909,6,27,402408,NA,3614,NA,78,17031,0,NA,0,NA,NA,NA,15246,NA
2022-06-28,910,6,28,402784,NA,3615,NA,69,17035,0,NA,0,NA,NA,NA,15259,NA
2022-06-29,911,6,29,403140,NA,3616,NA,63,17047,0,NA,0,NA,NA,NA,15277,NA
2022-06-30,912,6,30,403425,NA,3616,NA,77,17063,7,NA,0,NA,NA,NA,15279,NA
2022-07-01,913,7,1,403660,NA,3617,NA,72,17075,0,NA,0,NA,NA,NA,15295,NA
2022-07-02,914,7,2,403814,NA,3618,NA,82,17090,0,NA,0,NA,NA,NA,15300,NA
2022-07-03,915,7,3,403963,NA,3618,NA,85,17101,6,NA,0,NA,NA,NA,15308,NA
2022-07-04,916,7,4,404113,NA,3620,NA,99,17122,7,NA,0,NA,NA,NA,15315,NA
2022-07-05,917,7,5,404395,NA,3621,NA,97,17135,6,NA,0,NA,NA,NA,15329,NA
2022-07-06,918,7,6,404747,NA,3621,NA,86,17147,0,NA,0,NA,NA,NA,15352,NA
2022-07-07,919,7,7,405089,NA,3622,NA,78,17155,0,NA,0,NA,NA,NA,15368,NA
2022-07-08,920,7,8,405373,NA,3622,NA,76,17167,0,NA,0,NA,NA,NA,15382,NA
2022-07-09,921,7,9,405556,NA,3622,NA,83,17181,0,NA,0,NA,NA,NA,15389,NA
2022-07-10,922,7,10,405705,NA,3622,NA,96,17198,6,NA,0,NA,NA,NA,15393,NA
2022-07-11,923,7,11,406121,NA,3623,NA,90,17214,0,NA,0,NA,NA,NA,15414,NA
2022-07-12,924,7,12,406491,NA,3623,NA,85,17225,0,NA,0,NA,NA,NA,15430,NA
2022-07-13,925,7,13,406822,NA,3625,NA,87,17246,0,NA,0,NA,NA,NA,15448,NA
2022-07-14,926,7,14,407107,NA,3625,NA,83,17259,0,NA,0,NA,NA,NA,15465,NA
2022-07-15,927,7,15,407387,NA,3626,NA,86,17275,0,NA,0,NA,NA,NA,15478,NA
2022-07-16,928,7,16,407565,NA,3626,NA,94,17291,0,NA,0,NA,NA,NA,15486,NA
2022-07-17,929,7,17,407743,NA,3627,NA,98,17302,0,NA,0,NA,NA,NA,15493,NA
2022-07-18,930,7,18,408043,NA,3628,NA,96,17312,0,NA,0,NA,NA,NA,15505,NA
2022-07-19,931,7,19,408380,NA,3628,NA,96,17327,6,NA,0,NA,NA,NA,15520,NA
2022-07-20,932,7,20,408706,NA,3629,NA,100,17347,5,NA,0,NA,NA,NA,15535,NA
2022-07-21,933,7,21,409035,NA,3631,NA,90,17358,0,NA,0,NA,NA,NA,15555,NA
2022-07-22,934,7,22,409306,NA,3632,NA,85,17367,0,NA,0,NA,NA,NA,15569,NA
2022-07-23,935,7,23,409516,NA,3632,NA,85,17376,0,NA,0,NA,NA,NA,15578,NA
2022-07-24,936,7,24,409681,NA,3632,NA,87,17385,0,NA,0,NA,NA,NA,15585,NA
2022-07-25,937,7,25,410011,NA,3633,NA,86,17403,0,NA,0,NA,NA,NA,15603,NA
2022-07-26,938,7,26,410329,NA,3634,NA,91,17417,0,NA,0,NA,NA,NA,15611,NA
2022-07-27,939,7,27,410688,NA,3634,NA,89,17429,0,NA,0,NA,NA,NA,15625,NA
2022-07-28,940,7,28,410987,NA,3634,NA,92,17443,0,NA,0,NA,NA,NA,15636,NA
2022-07-29,941,7,29,411294,NA,3634,NA,98,17458,5,NA,0,NA,NA,NA,15645,NA
2022-07-30,942,7,30,411533,NA,3634,NA,107,17476,0,NA,0,NA,NA,NA,15654,NA
2022-07-31,943,7,31,411715,NA,3634,NA,111,17490,0,NA,0,NA,NA,NA,15664,NA
2022-08-01,944,8,1,412075,NA,3635,NA,115,17506,0,NA,0,NA,NA,NA,15676,NA
2022-08-02,945,8,2,412418,NA,3636,NA,111,17521,0,NA,0,NA,NA,NA,15694,NA
2022-08-03,946,8,3,412785,NA,3636,NA,118,17545,5,NA,0,NA,NA,NA,15711,NA
2022-08-04,947,8,4,413071,NA,3637,NA,118,17564,5,NA,0,NA,NA,NA,15730,NA
2022-08-05,948,8,5,413379,NA,3638,NA,113,17584,0,NA,0,NA,NA,NA,15754,NA
2022-08-06,949,8,6,413584,NA,3639,NA,125,17605,0,NA,0,NA,NA,NA,15763,NA
2022-08-07,950,8,7,413733,NA,3639,NA,130,17622,5,NA,0,NA,NA,NA,15775,NA
2022-08-08,951,8,8,414014,NA,3639,NA,137,17644,5,NA,0,NA,NA,NA,15789,NA
2022-08-09,952,8,9,414318,NA,3639,NA,135,17664,7,NA,0,NA,NA,NA,15810,NA
2022-08-10,953,8,10,414638,NA,3640,NA,116,17679,7,NA,0,NA,NA,NA,15844,NA
2022-08-11,954,8,11,414925,NA,3640,NA,118,17700,6,NA,0,NA,NA,NA,15863,NA
2022-08-12,955,8,12,415184,NA,3641,NA,121,17720,8,NA,0,NA,NA,NA,15880,NA
2022-08-13,956,8,13,415346,NA,3642,NA,122,17734,6,NA,0,NA,NA,NA,15892,NA
2022-08-14,957,8,14,415509,NA,3642,NA,137,17757,7,NA,0,NA,NA,NA,15900,NA
2022-08-15,958,8,15,415735,NA,3642,NA,139,17771,5,NA,0,NA,NA,NA,15912,NA
2022-08-16,959,8,16,416076,NA,3645,NA,132,17796,6,NA,0,NA,NA,NA,15941,NA
2022-08-17,960,8,17,416390,NA,3647,NA,127,17815,6,NA,0,NA,NA,NA,15963,NA
2022-08-18,961,8,18,416643,NA,3647,NA,125,17834,6,NA,0,NA,NA,NA,15984,NA
2022-08-19,962,8,19,416871,NA,3647,NA,123,17847,6,NA,0,NA,NA,NA,15999,NA
2022-08-20,963,8,20,417019,NA,3648,NA,118,17860,9,NA,0,NA,NA,NA,16016,NA
2022-08-21,964,8,21,417197,NA,3650,NA,120,17875,6,NA,0,NA,NA,NA,16027,NA
2022-08-22,965,8,22,417489,NA,3651,NA,128,17898,7,NA,0,NA,NA,NA,16042,NA
2022-08-23,966,8,23,417829,NA,3651,NA,136,17918,8,NA,0,NA,NA,NA,16054,NA
2022-08-24,967,8,24,418106,NA,3654,NA,138,17943,10,NA,0,NA,NA,NA,16076,NA
2022-08-25,968,8,25,418389,NA,3656,NA,135,17956,10,NA,0,NA,NA,NA,16090,NA
2022-08-26,969,8,26,418656,NA,3657,NA,126,17972,9,NA,0,NA,NA,NA,16115,NA
2022-08-27,970,8,27,418841,NA,3657,NA,126,17985,9,NA,0,NA,NA,NA,16128,NA
2022-08-28,971,8,28,419004,NA,3659,NA,127,17997,11,NA,0,NA,NA,NA,16139,NA
2022-08-29,972,8,29,419229,NA,3659,NA,130,18018,12,NA,0,NA,NA,NA,16157,NA
2022-08-30,973,8,30,419523,NA,3659,NA,135,18039,11,NA,0,NA,NA,NA,16173,NA
2022-08-31,974,8,31,419769,NA,3659,NA,142,18058,12,NA,0,NA,NA,NA,16185,NA
2022-09-01,975,9,1,420011,NA,3659,NA,136,18075,10,NA,0,NA,NA,NA,16208,NA
2022-09-02,976,9,2,420214,NA,3660,NA,126,18085,9,NA,0,NA,NA,NA,16227,NA
2022-09-03,977,9,3,420394,NA,3660,NA,131,18101,9,NA,0,NA,NA,NA,16238,NA
2022-09-04,978,9,4,420508,NA,3663,NA,141,18116,13,NA,5,NA,NA,NA,16243,NA
2022-09-05,979,9,5,420663,NA,3664,NA,146,18134,10,NA,0,NA,NA,NA,16253,NA
2022-09-06,980,9,6,420883,NA,3665,NA,144,18147,10,NA,0,NA,NA,NA,16268,NA
2022-09-07,981,9,7,421206,NA,3666,NA,140,18165,10,NA,0,NA,NA,NA,16289,NA
2022-09-08,982,9,8,421488,NA,3667,NA,125,18178,7,NA,0,NA,NA,NA,16316,NA
2022-09-09,983,9,9,421760,NA,3669,NA,116,18192,7,NA,0,NA,NA,NA,16338,NA
2022-09-10,984,9,10,421964,NA,3670,NA,121,18211,7,NA,0,NA,NA,NA,16352,NA
2022-09-11,985,9,11,422117,NA,3670,NA,129,18226,8,NA,0,NA,NA,NA,16359,NA
2022-09-12,986,9,12,422419,NA,3672,NA,135,18242,10,NA,0,NA,NA,NA,16368,NA
2022-09-13,987,9,13,422752,NA,3673,NA,129,18258,6,NA,0,NA,NA,NA,16390,NA
2022-09-14,988,9,14,423044,NA,3673,NA,139,18279,6,NA,0,NA,NA,NA,16401,NA
2022-09-15,989,9,15,423350,NA,3674,NA,141,18296,7,NA,5,NA,NA,NA,16416,NA
2022-09-16,990,9,16,423611,NA,3675,NA,139,18310,7,NA,0,NA,NA,NA,16432,NA
2022-09-17,991,9,17,423793,NA,3676,NA,134,18324,6,NA,0,NA,NA,NA,16450,NA
2022-09-18,992,9,18,423941,NA,3676,NA,140,18339,5,NA,0,NA,NA,NA,16458,NA
2022-09-19,993,9,19,424266,NA,3676,NA,129,18351,6,NA,0,NA,NA,NA,16481,NA
2022-09-20,994,9,20,424583,NA,3676,NA,122,18363,7,NA,0,NA,NA,NA,16500,NA
2022-09-21,995,9,21,424914,NA,3678,NA,129,18382,7,NA,0,NA,NA,NA,16512,NA
2022-09-22,996,9,22,425203,NA,3678,NA,119,18390,5,NA,0,NA,NA,NA,16530,NA
2022-09-23,997,9,23,425521,NA,3678,NA,115,18406,0,NA,0,NA,NA,NA,16550,NA
2022-09-24,998,9,24,425690,NA,3679,NA,118,18418,0,NA,0,NA,NA,NA,16559,NA
2022-09-25,999,9,25,425819,NA,3681,NA,118,18432,0,NA,0,NA,NA,NA,16573,NA
2022-09-26,1000,9,26,426095,NA,3683,NA,118,18450,5,NA,0,NA,NA,NA,16591,NA
2022-09-27,1001,9,27,426424,NA,3686,NA,122,18467,8,NA,0,NA,NA,NA,16603,NA
2022-09-28,1002,9,28,426767,NA,3688,NA,127,18488,7,NA,0,NA,NA,NA,16618,NA
2022-09-29,1003,9,29,427037,NA,3688,NA,121,18507,6,NA,0,NA,NA,NA,16643,NA
2022-09-30,1004,9,30,427310,NA,3688,NA,112,18526,9,NA,0,NA,NA,NA,16671,NA
2022-10-01,1005,10,1,427463,NA,3692,NA,116,18541,9,NA,0,NA,NA,NA,16682,NA
2022-10-02,1006,10,2,427631,NA,3694,NA,123,18559,8,NA,5,NA,NA,NA,16692,NA
2022-10-03,1007,10,3,427861,NA,3694,NA,127,18589,10,NA,0,NA,NA,NA,16717,NA
2022-10-04,1008,10,4,428142,NA,3694,NA,132,18608,10,NA,6,NA,NA,NA,16731,NA
2022-10-05,1009,10,5,428390,NA,3694,NA,128,18635,8,NA,0,NA,NA,NA,16760,NA
2022-10-06,1010,10,6,428676,NA,3694,NA,132,18658,10,NA,0,NA,NA,NA,16779,NA
2022-10-07,1011,10,7,428931,NA,3696,NA,119,18671,11,NA,0,NA,NA,NA,16805,NA
2022-10-08,1012,10,8,429086,NA,3699,NA,128,18697,11,NA,0,NA,NA,NA,16820,NA
2022-10-09,1013,10,9,429212,NA,3701,NA,135,18718,10,NA,0,NA,NA,NA,16834,NA
2022-10-10,1014,10,10,429424,NA,3705,NA,133,18736,8,NA,0,NA,NA,NA,16851,NA
2022-10-11,1015,10,11,429731,NA,3706,NA,138,18761,9,NA,0,NA,NA,NA,16871,NA
2022-10-12,1016,10,12,430010,NA,3706,NA,129,18778,11,NA,0,NA,NA,NA,16897,NA
2022-10-13,1017,10,13,430269,NA,3708,NA,125,18795,11,NA,0,NA,NA,NA,16918,NA
2022-10-14,1018,10,14,430558,NA,3709,NA,128,18818,12,NA,0,NA,NA,NA,16938,NA
2022-10-15,1019,10,15,430743,NA,3710,NA,137,18848,8,NA,0,NA,NA,NA,16959,NA
2022-10-16,1020,10,16,430878,NA,3712,NA,147,18868,6,NA,0,NA,NA,NA,16968,NA
2022-10-17,1021,10,17,431094,NA,3712,NA,139,18886,7,NA,0,NA,NA,NA,16994,NA
2022-10-18,1022,10,18,431355,NA,3713,NA,136,18903,8,NA,0,NA,NA,NA,17014,NA
2022-10-19,1023,10,19,431613,NA,3717,NA,135,18923,9,NA,0,NA,NA,NA,17035,NA
2022-10-20,1024,10,20,431863,NA,3720,NA,129,18941,10,NA,0,NA,NA,NA,17058,NA
2022-10-21,1025,10,21,432047,NA,3720,NA,122,18954,7,NA,0,NA,NA,NA,17078,NA
2022-10-22,1026,10,22,432166,NA,3720,NA,128,18976,8,NA,0,NA,NA,NA,17094,NA
2022-10-23,1027,10,23,432280,NA,3722,NA,140,18991,11,NA,0,NA,NA,NA,17097,NA
2022-10-24,1028,10,24,432494,NA,3724,NA,138,19008,9,NA,0,NA,NA,NA,17116,NA
2022-10-25,1029,10,25,432732,NA,3724,NA,139,19033,8,NA,0,NA,NA,NA,17140,NA
2022-10-26,1030,10,26,432943,NA,3727,NA,134,19049,8,NA,0,NA,NA,NA,17159,NA
2022-10-27,1031,10,27,433139,NA,3730,NA,126,19067,9,NA,0,NA,NA,NA,17184,NA
2022-10-28,1032,10,28,433346,NA,3733,NA,119,19084,6,NA,0,NA,NA,NA,17207,NA
2022-10-29,1033,10,29,433459,NA,3734,NA,119,19094,0,NA,0,NA,NA,NA,17217,NA
2022-10-30,1034,10,30,433561,NA,3734,NA,119,19106,0,NA,0,NA,NA,NA,17229,NA
2022-10-31,1035,10,31,433728,NA,3734,NA,121,19121,0,NA,0,NA,NA,NA,17242,NA
2022-11-01,1036,11,1,433953,NA,3738,NA,111,19136,0,NA,0,NA,NA,NA,17265,NA
2022-11-02,1037,11,2,434174,NA,3740,NA,110,19154,0,NA,0,NA,NA,NA,17283,NA
2022-11-03,1038,11,3,434384,NA,3740,NA,116,19174,5,NA,0,NA,NA,NA,17296,NA
2022-11-04,1039,11,4,434590,NA,3740,NA,104,19190,0,NA,0,NA,NA,NA,17324,NA
2022-11-05,1040,11,5,434733,NA,3740,NA,107,19204,5,NA,0,NA,NA,NA,17334,NA
2022-11-06,1041,11,6,434843,NA,3740,NA,112,19216,0,NA,0,NA,NA,NA,17341,NA
2022-11-07,1042,11,7,435042,NA,3741,NA,104,19226,0,NA,0,NA,NA,NA,17359,NA
2022-11-08,1043,11,8,435230,NA,3743,NA,94,19234,6,NA,0,NA,NA,NA,17377,NA
2022-11-09,1044,11,9,435425,NA,3747,NA,98,19247,6,NA,0,NA,NA,NA,17384,NA
2022-11-10,1045,11,10,435596,NA,3748,NA,91,19258,5,NA,0,NA,NA,NA,17402,NA
2022-11-11,1046,11,11,435731,NA,3748,NA,96,19275,5,NA,0,NA,NA,NA,17414,NA
2022-11-12,1047,11,12,435849,NA,3750,NA,100,19288,0,NA,0,NA,NA,NA,17423,NA
2022-11-13,1048,11,13,435954,NA,3750,NA,104,19302,5,NA,0,NA,NA,NA,17433,NA
2022-11-14,1049,11,14,436128,NA,3750,NA,97,19314,5,NA,0,NA,NA,NA,17452,NA
2022-11-15,1050,11,15,436317,NA,3750,NA,91,19326,6,NA,0,NA,NA,NA,17470,NA
2022-11-16,1051,11,16,436502,NA,3750,NA,87,19339,6,NA,0,NA,NA,NA,17487,NA
2022-11-17,1052,11,17,436679,NA,3751,NA,97,19364,5,NA,0,NA,NA,NA,17502,NA
2022-11-18,1053,11,18,436846,NA,3751,NA,95,19380,6,NA,0,NA,NA,NA,17519,NA
2022-11-19,1054,11,19,436952,NA,3752,NA,100,19394,7,NA,0,NA,NA,NA,17528,NA
2022-11-20,1055,11,20,437075,NA,3753,NA,116,19416,8,NA,0,NA,NA,NA,17533,NA
2022-11-21,1056,11,21,437269,NA,3755,NA,117,19432,7,NA,0,NA,NA,NA,17547,NA
2022-11-22,1057,11,22,437507,NA,3755,NA,104,19444,5,NA,0,NA,NA,NA,17571,NA
2022-11-23,1058,11,23,437671,NA,3758,NA,98,19457,6,NA,0,NA,NA,NA,17588,NA
2022-11-24,1059,11,24,437760,NA,3759,NA,100,19468,6,NA,0,NA,NA,NA,17595,NA
2022-11-25,1060,11,25,437915,NA,3759,NA,100,19489,0,NA,0,NA,NA,NA,17615,NA
2022-11-26,1061,11,26,438068,NA,3761,NA,105,19504,6,NA,0,NA,NA,NA,17624,NA
2022-11-27,1062,11,27,438224,NA,3761,NA,119,19524,9,NA,0,NA,NA,NA,17630,NA
2022-11-28,1063,11,28,438504,NA,3762,NA,112,19536,9,NA,0,NA,NA,NA,17648,NA
2022-11-29,1064,11,29,438821,NA,3762,NA,97,19547,7,NA,0,NA,NA,NA,17673,NA
2022-11-30,1065,11,30,439139,NA,3762,NA,99,19565,6,NA,0,NA,NA,NA,17688,NA
